chunk	pos	aa	DMS_Log2FoldChange	DMS_FDR	FlowDMS_MidpointShift	FlowDMS_FDR
1	21	F	-1.0241515740554583	0.00784661946065285	-0.00460308460958902	0.9746490753719164
1	16	L	-0.870534171265146	0.04400617084533669	-0.150293655360751	0.5783335548339236
1	40	*	-1.9047228579105795	2.2271878925688844e-6	-0.08486903150816116	0.8346020534188168
1	66	D	-1.4529809211081874	5.346233841226907e-4	-0.04681363364823232	0.7227570305736247
1	66	E	-1.2936617492506075	0.01905639314967584	-0.04319828251704594	0.8749156019673449
1	66	K	-1.416899883759708	0.01544769576195776	-0.1325242009879578	0.3836139403040646
1	66	N	-0.8846852370754394	0.02045627842539697	-0.05931800389840125	0.46892992515575593
1	66	R	-1.6039303747143232	1.2819668344216024e-5	-0.09310733210165534	0.7911013022857679
1	66	Y	-1.29620189512974	0.0023883688981802	-0.09547035278295311	0.7250144853933069
1	51	*	-1.7864748451250283	3.1072141246078064e-8	-0.1604602266223231	0.3878875289060676
1	43	*	-2.245148929593738	3.035298203905944e-6	-0.02421895453939326	0.9458778241093586
1	43	R	-0.7706475373570119	0.02447988026053294	0.02888008899639294	0.8552582434601991
1	60	D	-1.5807416382217927	3.7096267161968856e-6	0.00719661094849899	0.9606095212348142
1	60	E	-1.4837624990844545	4.4110257482048393e-4	-0.03280238954835168	0.8244520708322483
1	60	H	-1.3729368203177306	8.730827010964901e-5	-0.00798495334531734	0.967528937234857
1	60	K	-1.6957501152705217	0.00244544624995605	-0.02235886239752094	0.828339271698943
1	60	P	-1.2583256426268024	9.8300300930162e-4	-0.04483791857784924	0.7264111066576162
1	60	R	-1.5735609767150631	5.4132024934884963e-05	0.04802389141175167	0.508194786911112
1	60	W	-1.5286975523319437	5.992930811948647e-6	-1.0122554872082912e-4	0.9992803086127368
1	32	*	-1.3444840588519291	1.6062737513206366e-5	0.08965484766146814	0.32468483825144273
1	32	D	-0.8718674608728466	0.04663546589583381	0.04637492748127747	0.512524026442744
1	29	*	-1.6853872771790637	1.1351631351417288e-5	0.13003133090628738	0.00109734241730838
1	45	*	-1.7786576577988304	1.4400262412687702e-9	-0.11494763288592458	0.7273486546954261
1	46	*	-2.079905574154744	1.563364919960741e-7	-0.20201679304333744	0.3817958213431865
1	26	*	-1.6658854254808193	2.5613625250624724e-8	0.09410582396080892	0.29821204512078064
1	61	P	-1.2631403114342143	0.02034030099604051	-0.07784928916278533	0.793117775162573
1	53	K	-1.0265660774855965	0.00980282878598779	-0.01568992967740345	0.932334224652014
1	53	R	-1.6251302213672116	3.542440318025493e-5	0.00534883049939916	0.9823102794317352
1	53	V	-0.9250742714993074	0.02805230433048473	0.00850846449037046	0.9754438003379488
1	56	D	-1.792893726085492	4.7152283282983055e-5	-0.04387980823172166	0.8674835895189578
1	33	*	-1.66945239500475	2.509026990277708e-6	-0.04902180983906001	0.9092920530330316
1	54	K	-1.5361311594788087	4.154666276742141e-6	-0.04036891898840733	0.509212121726883
1	54	P	-1.3137163249948012	0.00382808044256515	-0.04425921811102473	0.5284297424254274
1	54	R	-1.6994716978734543	8.856200724592418e-5	-0.17922129126177427	0.21937090545374188
1	67	G	-1.2591767876454527	0.00112842985689452	-0.00252658579655618	0.9874244444400192
1	3	Q	-0.9192472093665636	0.04574470162105818	0.03920076039166031	0.7777961805404
1	30	*	-1.8026943364641168	1.353456470286127e-6	0.09451372351926068	0.33666850427005107
1	30	D	-1.8617150666988105	6.814437641395656e-7	-0.00883287373011854	0.981612202724362
1	30	E	-1.743892532722516	2.4951551993270112e-9	0.03801575088395126	0.603351553380355
1	30	G	-0.9084465631502664	0.0334831163570376	-0.00334243676593737	0.985227018352722
1	30	H	-1.3561675957643478	6.350293229927057e-5	0.01872133243489671	0.841179986515067
1	30	K	-1.695392096543181	5.6098802058354535e-6	0.03544645684180991	0.7755952843616081
1	30	N	-1.6573787988960906	8.568402726005881e-4	-0.01104652543793416	0.9627424109138396
1	30	P	-1.3563231311449506	0.00123414290960786	0.01999470240227763	0.7910174640952237
1	30	Q	-1.5733006548276145	1.8977798804823043e-6	0.00461506578573178	0.9592637676214054
1	30	R	-1.3562583140025912	0.00786398313482171	0.01606509077611673	0.9083945573721032
1	30	W	-1.537285159718477	4.142155917097084e-6	-0.08892921226650541	0.5448398938392747
1	31	*	-1.0392207268622224	0.0449885490272742	0.10893479594949453	0.07074764552930253
1	57	*	-1.8827292672327456	2.3324477055766474e-6	-0.08836270303668536	0.6815586439688472
1	57	D	-1.0255279751364472	0.02821358981389101	-0.04091069695785643	0.5596481578183389
1	57	P	-2.0194441259156277	3.635609501052936e-7	-0.01532740616590522	0.9578846985720408
1	57	W	-0.9872179127270482	0.00697271603490227	-0.0737167031696917	0.47067512454760696
1	42	*	-1.6470043894816468	1.4677363041678805e-4	-0.15504956334000175	0.561234834330779
1	35	*	-1.795370410747578	0.00181157954394765	-0.08470927556623986	0.7195808203080516
1	6	D	-1.0798317207347805	0.03049468644164444	0.03996330884540644	0.7310734018498992
1	55	W	-0.8891948059620652	0.01584253481924114	-0.01923322681053474	0.90717881790936
1	64	*	-1.167377386712437	0.00245885750906356	-0.19721933141412168	0.3593112458087593
1	64	D	-1.215386551254626	0.00100098444876163	-0.02319225963328941	0.8920683147208758
1	64	F	-0.9910450908632557	0.04001958436054375	0.03612902399348028	0.7341078347087424
1	64	P	-1.5695247820253155	3.496335469678953e-5	-0.12839303093283083	0.5259570345414009
10	652	*	-1.7636601533012273	6.0736861576980525e-5	-0.12653392487611226	0.6523168361865764
10	652	E	-1.1175120229511568	1.4466901740622435e-4	0.04600092984261472	0.5533748190972221
10	700	Y	-0.9097183970765064	0.04037684923399846	-0.07119781525600177	0.6893350431808959
10	653	*	-2.0634914305422436	8.514090054977326e-11	-0.1291191036611219	0.46534880130017087
10	653	D	-0.8327588126513277	0.02968103008934643	-0.03920700013043932	0.9137271050783854
10	653	K	-1.5030674336085008	1.11773249242165e-6	-0.18278685282389137	0.29368919572084545
10	653	Q	-1.331087473784023	0.00118087495576507	0.01310004865091796	0.9458315907248154
10	653	R	-1.489516301789478	3.431679955190034e-5	-0.1014347864664492	0.788266243307844
10	699	D	-1.7630949263127444	1.1136086697817606e-6	-0.20960775615817812	0.14633943490877968
10	699	P	-1.8915427185523708	4.392471278437715e-10	-0.18969945373730956	0.42320511663284793
10	660	D	-0.8620362741799629	0.00200204178074252	0.02164609176171417	0.91588871204374
10	660	E	-2.229832576154198	6.687116802209006e-12	0.03957942528856673	0.6971835391287785
10	660	H	-0.8605465813784875	0.01665804600335545	-0.21189273144209397	0.31263993300576276
10	660	I	-1.5162290333852693	9.260875284528131e-6	-0.07995209828981509	0.7288683012603617
10	660	K	-1.569616068746627	1.4240223754495492e-4	-0.205454671373957	0.35595267699143623
10	660	Q	-1.9178642948514928	1.7335840237023277e-8	0.03457975552594317	0.7781606150016637
10	660	V	-1.9454158310782623	1.08191321373766e-11	-0.03152086993683067	0.9397335817747724
10	660	W	-1.0048314807679046	7.75553667104956e-4	-0.09518799987321136	0.8140817849941622
10	646	*	-2.1595214324204908	1.6842465743241783e-11	-0.1888451489394684	0.4041868443197653
10	642	*	-1.531821017839156	2.138266362129456e-4	-0.2183943174460808	0.1881820129589487
10	639	*	-1.5193345248648351	0.0010866601156905	-0.2161756401558631	0.14580844859779005
10	677	*	-1.8174594487692632	1.97531073689506e-5	-0.24493883904353544	0.15210403338960168
10	668	K	-0.8572479877953594	0.02709657108972725	0.01853893320397959	0.934043258231778
10	694	K	-2.095843304766351	9.53055446101823e-10	0.00420137757236993	0.9783905220611938
10	694	R	-1.4082751767088308	0.00181803986989482	-0.03620009666743618	0.8894582939777654
10	657	H	-0.885348517201496	0.01878015604914978	-0.1990562396512583	0.3745103790171739
10	657	K	-1.1840096605224548	3.0011122872195255e-4	-0.03874547776926573	0.9022892255889868
10	657	R	-1.0211518474662225	0.03330588539093566	-0.0942552746870946	0.7548130639215251
10	667	D	-1.1637024892959966	0.00167206745550533	-0.1182299551029602	0.5893717505995806
10	667	F	-1.2126474278078678	1.7901921254004954e-4	3.352489047592222e-4	0.9988930900929356
10	667	M	-0.8364066106771006	0.00772047532609706	0.00896997589487302	0.9757180687474266
10	667	Y	-0.8942821508450622	0.0210716889146374	-4.031303384551821e-4	0.9990432663915048
10	655	*	-1.3328807928342117	6.386134999614723e-4	-0.1356904889047713	0.6415303485255357
10	695	D	-1.5922700776777523	3.6028861182191826e-6	-0.05701692164288585	0.84126197706111006
10	695	R	-1.5883065230629396	5.500668627010753e-5	-0.17785552441806002	0.4530030968061697
10	696	A	-1.2363223631739952	2.6690693595090786e-5	-0.04957581541452682	0.9020149127883093
10	696	C	-1.3170342848138072	5.547304728803745e-4	0.01060477563805151	0.9615658523616486
10	696	F	-1.4012671133204475	0.0015006059903317	-0.14502718288292904	0.5353151444123025
10	696	G	-1.3359576547075611	0.00252493573046323	0.00431353499472308	0.9820692446049372
10	696	H	-1.7168970653649132	4.188256892087721e-9	-0.0302024707927726	0.7986496085485177
10	696	I	-1.3100682192091635	0.00118092534342441	-0.01883413233559705	0.9510780402817968
10	696	K	-1.8515776830807904	1.072311536176543e-8	-0.04350015077146862	0.8688552271975205
10	696	L	-1.420250900556159	0.00456094789556882	0.00678783549662398	0.9834712632477391
10	696	M	-1.7585896020348528	3.139995250509596e-4	-0.04849838755160207	0.9077460095639818
10	696	N	-1.7651894970082311	0.01160782918916581	-0.01770392249638552	0.9426545890674484
10	696	P	-1.844287216208244	1.9649002339530456e-5	0.03294410235999101	0.7864316462194968
10	696	Q	-1.4617164155464817	7.440625714012813e-4	-0.11960284334427984	0.7282985881935062
10	696	T	-1.2407597913021815	6.289871242517749e-4	8.525005707054056e-4	0.9985518850393936
10	696	V	-1.5558979469898913	9.952310704059396e-4	-0.11145501049591332	0.7399503336256874
10	696	Y	-1.2195994395550789	1.1619072098327608e-5	-0.06548932285217213	0.758127374449529
10	676	*	-1.9996421685765065	6.860649313390049e-7	0.00204439341046902	0.9969393401150546
10	679	D	-0.6495689733554526	0.04152541791975158	0.03675476170463554	0.8355232188815953
10	656	A	-1.1498297710950465	6.289871242517749e-4	-0.1615329481956742	0.133225890317767
10	656	C	-1.2830077398054651	5.49487195919318e-4	-0.20411263060587892	0.14520733868531502
10	656	H	-1.5688574170309546	3.6213686928086786e-6	-0.09833330437258792	0.7083180870174076
10	656	K	-2.0898349829139407	1.741905886613849e-8	-0.1348669964676803	0.5868262569165672
10	656	N	-1.4951418142509552	2.2323696951687348e-5	-0.21079700193553608	0.1236076048977106
10	656	S	-2.2049518413696423	5.75011663876678e-5	-0.23893685027858153	0.18540036180392183
10	656	T	-1.3319176734750413	0.00198592942143802	-0.2513670134259238	0.10380901515733658
10	656	V	-0.7821785608790857	0.01704582933648752	-0.15371146569703198	0.3593112458087593
10	686	R	-1.9021332583142057	1.026381530911348e-6	-0.1129411015827535	0.7386947800950796
11	719	E	-2.0456514682957603	2.23753499285983e-5	-0.22635387962800213	0.24426150526953783
11	719	F	-2.1528633373082897	1.8653566714477013e-8	-0.04998882123281434	0.8742585806052685
11	719	H	-1.909906102764652	3.440264049443631e-5	-0.02864154241957517	0.8436510648705199
11	719	R	-1.9866141159916848	3.4097414163140273e-6	-0.22014402714958148	0.12491010750459676
11	719	W	-2.3939951610211994	6.566996554140528e-7	-0.14229573744608393	0.6451320621754102
11	719	Y	-1.9549010949271743	2.5546622997365826e-4	-0.07836761014484683	0.6132382333745015
11	730	H	-1.5693861618558187	0.00297638826994338	-0.2364103373293031	0.22852567818980293
11	735	D	-1.8857542619857397	0.00210306512443227	-0.08832487119480714	0.8066787411642437
11	735	H	-1.539333418211705	0.00884433559055023	-0.18370346430907003	0.4447205370699496
11	735	R	-1.5095472591152226	0.00902514987284166	-0.10340729832175288	0.5477023452785637
11	735	Y	-1.7230371050620974	0.00176935449260033	-0.14315701273989834	0.5336192274023921
11	734	P	-1.6261859096038476	0.02733114796084813	-0.09640201121224944	0.7504767994543882
11	737	D	-1.2574567966945505	0.04828493154393529	-0.14887600385015187	0.5882044586693149
11	737	E	-2.3734717385296933	1.7800757135232555e-7	-0.20150670533490064	0.2749003583947427
11	737	F	-1.2495349807913625	0.0367353660684122	-0.10700861857865608	0.5236941245772653
11	737	R	-2.276720996734833	1.6496221383018702e-8	-0.12247145902708569	0.21650072225190392
11	737	W	-1.828828429352222	5.289983489608122e-4	-0.18029612592755112	0.451468575420842
11	732	P	-1.753280385597053	3.44971694151805e-5	-0.01286778974220848	0.9672246471626256
11	732	R	-2.067718965828069	5.3119159971131994e-5	-0.21695893765493768	0.11207613026816686
11	723	D	-2.246552614106159	7.468796751256793e-9	0.0196233175261401	0.8965492867968408
11	723	K	-2.3118161020007366	4.951851761495027e-6	0.0214540013500899	0.9329717875969094
11	767	R	-1.9204440597963317	0.01643903058461608	-0.18294180179510897	0.466143684215659
11	740	P	-2.3298463660477737	3.4251446340646205e-6	-0.08092580902337565	0.5458080369542684
11	740	S	-1.088152399425467	0.03518303882353336	-0.2483312534412677	0.14200477526110772
11	740	Y	-2.003989529786965	0.00169157186841444	-0.105125963729523	0.7944073093564938
11	741	W	-1.144192374609886	0.04718242338481295	-0.12154886693489396	0.6317021320109535
11	736	R	-1.6696266828697766	0.01521066174587074	-0.02646408660882293	0.9432073149089544
11	727	K	-1.018733521899293	0.039010826530475023	-0.01242546849170422	0.9615658523616486
11	745	M	-1.2044901247683677	0.02781617287236927	-0.00793047695724347	0.9782096411209488
11	722	W	-2.1940586019516557	4.411798059518839e-8	-0.05606669781306273	0.8730362939202404
11	755	D	-1.71601180013627	0.00192753193952738	-0.17917549996036242	0.3472611941990654
11	755	R	-2.347411044345038	4.729102153837786e-5	-0.23833834368127824	0.11493169025367792
11	755	Y	-1.979985785652263	4.30236656845206e-5	-0.09811768389341312	0.6387172923492088
11	718	D	-2.0899609937081416	6.144190709880944e-6	-0.20553315419495732	0.1605736836781693
11	718	W	-2.3022203091932485	1.2555839909004803e-6	-0.16718889637950124	0.41908703840975065
11	724	E	-1.1661349211988992	0.04655863313763858	-0.06900675139411927	0.8701583455750934
11	739	I	-1.0528851240216313	0.03412284876972631	-0.12079881771300184	0.4187750031215927
11	739	P	-2.0789919837770507	4.298174591829342e-5	-0.2100708042682885	0.1910268091467761
11	739	R	-1.8225714143736471	3.419391678198352e-5	-0.00201643161728737	0.9894087018834586
11	715	E	-1.030153375408044	0.04692601744405082	-0.1853472566950451	0.4334116627023794
11	757	G	-1.704264722318625	0.02652167962941291	-0.14751790850869462	0.43870308503609057
11	757	P	-1.8875313121370925	0.00189170353948788	-0.18945976522639607	0.18894930669944207
11	757	S	-1.1020380372635137	0.02786195319628507	-0.1915282592601002	0.2452629036029907
11	742	E	-2.1045338447194593	1.0399074603831012e-4	-0.15631015336431264	0.22945728656149053
11	756	P	-2.4612354123773996	7.197392886825485e-7	-0.06584118718799592	0.6487414027171167
11	725	P	-2.220371050479859	2.087822759497238e-6	-0.16585173980248097	0.34696940251445557
11	738	M	-1.1072020909370297	0.02969361377297135	-0.16299277209848928	0.432753918196956
12	800	E	-2.5160171957529047	1.2739082749578503e-9	-0.09671931628909802	0.539053391394302
12	800	R	-2.195116163925544	8.941426145330251e-7	-0.15141036590480372	0.4292168703377238
12	796	F	-1.8836332100010391	0.00303519245172564	-0.17011424153108817	0.3982186586920912
12	796	K	-2.5453682988477726	7.74751896566738e-9	-0.15916869423110114	0.5446858742500242
12	796	R	-1.9603701857709732	4.842203437857904e-5	-0.08508301181160216	0.793117775162573
12	796	W	-1.9659995709947664	6.377464173224402e-5	-0.17426760306574585	0.4803157926681622
12	836	R	-1.0278794698286136	0.04127330162252889	-0.208012961957692	0.3670484634526475
12	802	D	-2.2177831500618037	4.2260762245041914e-7	-0.21351223017834803	0.29673509716734253
12	802	K	-1.8097209436230433	6.129309412360938e-5	-0.17188399818059424	0.5125263118805473
12	802	P	-1.932521153895612	1.576641078702209e-5	-0.253624511210136	0.1583848283663556
12	776	D	-1.6330277451879074	0.03681544897221164	-0.1550798462299432	0.17737400638162298
12	776	H	-1.498200960137207	0.04135247201524603	-0.06556787866081693	0.8749156019673449
12	776	K	-1.7103725334124251	2.680165621273415e-4	-0.18461546896061432	0.3603528496988137
12	776	N	-2.0610715484658746	6.553753452367957e-7	-0.1689470297518208	0.4885041614421792
12	776	R	-2.856836508989073	1.1283917781698402e-6	-0.06698285710316354	0.842087362451395
12	799	K	-2.273103016722291	4.446759771801643e-6	-0.1826331549285823	0.4380996778340316
12	807	P	-2.951754826244652	2.7243635964951778e-6	-0.13075837467689944	0.5073847140123097
12	807	R	-1.5505781976848152	0.00331833956782526	-0.13944765121181002	0.5402121286308487
12	803	K	-1.8362448072066784	3.2779539100172555e-4	-0.08355679076812317	0.7543635105563229
12	803	P	-2.6575952226387285	2.425515880594305e-9	-0.09238426340576168	0.6312677876413327
12	803	R	-1.6843527010315935	0.00139868532876413	-0.0883020187747442	0.5496445167466651
12	832	H	-1.4480537471004955	0.0081694562060958	-0.11057193333331217	0.7465980815786141
12	782	A	-1.9983238810142536	0.00132020000084061	-0.07942843196122007	0.6791298615320767
12	782	F	-1.6801709644958125	0.00151802149612676	-0.09765603444318072	0.7488725721790577
12	782	G	-1.548586766645066	0.00593175006253072	-0.06063550363847148	0.7577451179003014
12	782	H	-1.161311698403424	0.04618829936586507	-0.09060930938527911	0.7963561915119787
12	782	L	-2.2684103014737924	1.625417691956431e-4	-0.08541180832400042	0.5624215291983767
12	782	M	-2.047190814999577	1.661738005029376e-4	-0.1740884391130424	0.4447205370699496
12	782	V	-2.0626823763130013	2.79311400523717e-4	-0.13424083812282017	0.48077042237821493
12	782	Y	-2.133408517624704	2.0165667249382142e-6	-0.07164272498868107	0.8034223043945999
12	805	P	-1.7830134836857614	1.2381598671774529e-5	-0.18730900689232025	0.33215460444240613
12	779	P	-1.3055188083613465	0.00691641537744455	-0.20772164819567124	0.20308332727262876
12	810	C	-1.4519843595549928	0.02250634437579736	-0.00628219542553787	0.9805828707282476
12	775	P	-2.0886622038636533	0.00197296081207899	-0.10890459024478948	0.7909854340534983
12	822	K	-1.2178219169452795	0.03352774181867973	-0.1192502246730629	0.7256276884066382
12	827	E	-1.5266713261602791	0.00115531680311138	-0.19981056621030607	0.4149819323741814
12	827	K	-2.164935137414111	4.257768762733103e-4	-0.1295215581921798	0.24812287332310393
12	801	D	-1.8033732758209773	7.23194354460832e-5	-0.17709951637406213	0.3449584179233185
12	801	F	-1.4303746351557218	0.01377908386524635	-0.16259399257411994	0.2940360207301153
12	801	H	-2.0189751914934737	1.4172560617539616e-4	-0.16552741072711247	0.4788464427223309
12	801	I	-1.6738967032092176	1.417632039666161e-4	-0.11660113787946956	0.5331534692497637
12	801	P	-1.6016732088291548	2.2966100588295917e-4	-0.16544436858486716	0.3818244096006438
12	801	Q	-2.394420658728261	6.107879956809654e-10	-0.1423515323158684	0.6972774938012107
12	801	W	-2.4319516128208187	3.12097510763279e-7	-0.1667549774644125	0.28089010517096796
12	780	E	-1.6470104795719542	7.078834014074833e-4	-0.19788560252916437	0.21994314944934323
12	780	H	-2.5052651871483604	8.415784527314179e-9	-0.12516749101155067	0.599724535088868
12	780	I	-1.7865078420966345	9.70032600456315e-5	-0.23804687207513295	0.1893429414723743
12	780	K	-2.3921740275525933	1.1752154893147267e-9	-0.1826416065246811	0.1212484566185646
12	780	R	-2.3978399691335004	2.815383114839214e-7	-0.03960295531740476	0.918599575893584
12	780	W	-1.2300178069312748	0.04046208390644013	-0.14258745110969717	0.603351553380355
12	780	Y	-1.8138515078861344	2.7783177542420827e-4	-0.1376741893012593	0.40391391667729537
12	804	D	-1.2137654966338518	0.03559197651683119	-0.2046096030057155	0.12599963027906047
12	804	P	-2.3618443282361015	1.0385216493432476e-6	-0.12344336523956834	0.7577451179003014
12	777	D	-1.7975445908870418	4.7156529516917384e-4	-0.05976904744338396	0.6612481640618529
12	777	N	-1.3230666848128114	0.0109456107285307	-0.08707830611550416	0.8230566473132912
12	777	Q	-1.388281962296661	0.03163850345521275	-0.10111139567557004	0.7663921441142325
12	777	R	-1.72710076516881	0.01082836039977162	-0.21166850350502253	0.2233581537178071
12	777	W	-1.1384515988595774	0.04652007977540406	-0.20194159977700785	0.23367447521137297
12	825	*	-1.1321325415339756	0.0188622542440301	-0.22694195459781777	0.21977882600078208
12	798	C	-1.1616172775462317	0.01779580220748646	-0.1511593242487571	0.4047110138541137
12	798	E	-1.8829040808854307	1.8584539909056324e-6	-0.21630916901733627	0.12508584046695603
12	798	G	-1.3974259293068123	0.01766085087087683	-0.18580308017493705	0.3752936603983372
12	798	H	-1.3075182120152655	0.03645041222221014	-0.07032979695503039	0.8619467768472691
12	798	L	-1.7009639000316177	0.00397884987675761	-0.0694822038919648	0.8599960759823257
12	798	N	-1.4788257372223992	3.553699301326583e-4	-0.17613489333012178	0.11775806224760564
12	798	P	-1.7501244735632355	2.05537136035835e-4	-0.192606963681343	0.20383761870754047
12	798	Q	-1.687622155851673	7.75009138055298e-4	-0.13910612583410886	0.6794597144475322
12	798	S	-2.764228581449455	2.6160328805202893e-8	-0.2330072455930045	0.17342095252937523
12	798	T	-1.377837246946702	0.00879200771442475	-0.18977124506105977	0.3139018797696035
12	781	E	-1.7039265950911755	2.2485833810360033e-5	-0.07806430367107164	0.7660413229015288
12	781	G	-1.12838270163465	0.02549133764464815	-0.20413196618892177	0.21252330217997095
12	781	I	-1.327547311829586	0.0058202078472795	-0.05758829195076842	0.6441005479967195
12	781	K	-0.9867791871971914	0.02372953190478475	-0.11891857193164068	0.6049775764786889
12	781	W	-1.2891809343848193	0.00802289712657996	-0.20805243036277457	0.31754706820771733
12	817	*	-2.1715819745849663	7.374022884551162e-7	-0.229384630824864	0.26166564283941923
12	817	L	-1.342604798602773	0.03194819492306376	-0.06593255738053938	0.8688552271975205
12	837	*	-1.4735719941568115	0.01035266450190501	-0.23252278678067104	0.23880677788355703
12	806	K	-2.309797827268672	4.141144561812219e-6	-0.09721084282033744	0.7483885923437479
12	806	P	-2.030736749356097	4.045493562448142e-5	-0.04916362663225748	0.8826627581483831
12	806	R	-1.7828892972030772	0.02505551752835426	-0.1331557182679134	0.3639961979305959
13	879	*	-2.4477114097688664	5.926235442557089e-11	-0.2369114876488287	0.17061963751185868
13	852	*	-1.578185091819813	4.0067494367949257e-7	-0.1736890337180178	0.5226429482153939
13	909	*	-1.7870896169659711	7.2349118772109245e-6	-0.1589389388554323	0.5854089067442996
13	857	G	-0.9642104760623332	0.00160449717582573	0.01291804415914776	0.93089696435751
13	874	*	-2.12447806053553	5.25365668514713e-13	-0.18256539576568093	0.34503270659675633
13	896	E	-1.1672000432086458	0.00335613362110605	-0.0195406337543218	0.9397335817747724
13	896	Q	-0.737910472775197	0.02421558747005458	0.00998104822843803	0.960171888391806
13	896	T	-1.1012165283966506	7.048766719220348e-4	-0.02226542496559969	0.9022892255889868
13	876	*	-1.7540983253300133	1.6087369669592117e-8	-0.08960657963031204	0.8054115267276651
13	880	R	-0.7731632479079592	0.02356188152265385	-0.05230691469751947	0.8589290294826839
13	856	A	-2.118001950243481	1.771270145388786e-9	-0.13941877977159223	0.46896654765159246
13	856	E	-2.4171237446414207	3.9429520049054245e-18	-0.19283750691642623	0.24025642708534892
13	856	F	-1.9088346194451864	9.307234557246128e-8	-0.1758364940626263	0.1365016784817356
13	856	H	-2.0644918392156093	1.1472868255265558e-10	-0.1828458036143152	0.15542267192782888
13	856	L	-1.9205068886283605	5.14737455718348e-17	-0.14255957565501853	0.28037690809020516
13	856	N	-2.2179915396023624	4.4965402533345334e-10	-0.17442002841729948	0.2398655172663642
13	856	P	-2.3117579338577867	3.6261079035259346e-14	-0.10107245428022704	0.7481577392596536
13	856	T	-2.2133215313502386	5.65044113911934e-10	-0.11802798888681854	0.5514451598394738
13	856	V	-2.097041055252459	1.1820304145044483e-10	-0.198319455529844	0.22411456564833623
13	868	T	-1.2881650372023696	0.00333328837465659	-0.08381093633345449	0.7670557126101699
13	881	*	-1.3633191645004883	3.690318111515842e-4	-0.2000801903799324	0.2680184337437333
13	898	N	-1.360752944564484	2.673115094174496e-6	-0.03628742133626495	0.8326773327990178
13	898	W	-1.545385654391916	3.818770861454394e-7	-0.01011081213529063	0.9666377089354644
13	860	A	-1.7046778242454357	5.289152895667173e-8	0.03510243097792176	0.8186774226935813
13	860	C	-1.542682532269321	1.7048363934840222e-8	0.03268530181342977	0.7319454958696794
13	860	D	-1.79865586835881	2.5013454540290444e-8	0.02081678071894077	0.9273372242853204
13	860	E	-1.618911940893481	1.5208260174591475e-6	-0.00809023499490169	0.9803477291255788
13	860	F	-1.8095954976749868	8.410256520327186e-9	-0.02644231602652003	0.9405653375348808
13	860	G	-1.8970524417573615	2.0043090272397915e-10	-0.03298280591479952	0.9150143195244568
13	860	H	-1.7144871524588887	2.8940251467105714e-13	0.01908006585469246	0.9306211833140888
13	860	I	-1.8374281148221223	6.570810485039062e-5	-0.04645095253229692	0.9165842066876078
13	860	M	-1.716147091492246	3.242305206540669e-5	-0.10233293923563767	0.8021683255153613
13	860	N	-2.0799150952280914	1.88088498198042e-6	0.05062192604740756	0.8287613758664653
13	860	P	-1.2606668724529595	1.96022685791618e-4	-0.00535591754245046	0.9868176436326132
13	860	Q	-1.5408731366218973	3.581515411759709e-5	-0.04673913569026067	0.9109297130787968
13	860	S	-1.86342296501107	6.196571224879822e-8	-0.00376259378087762	0.9805828707282476
13	860	T	-2.0601637171353904	3.6809387217079265e-12	0.03568371775122137	0.828339271698943
13	860	V	-2.0364520131805204	1.1226782296031929e-7	-0.0097473826515646	0.9715989335264522
13	860	W	-1.7521891191573007	6.107879956809654e-10	-0.13877686957515512	0.6674511800577784
13	873	*	-1.80526815046813	1.1125778720034806e-6	-0.03820744633815276	0.9137385942237696
13	890	*	-1.6681152364471905	1.713408056561737e-4	-0.1639893226066938	0.44714232956925665
13	877	*	-1.411345313199619	7.077158208869271e-5	-0.1793683682764225	0.44689559351237584
13	848	W	-1.0106956432906868	0.00519513170851659	-0.10330660156991732	0.631803704890393
13	872	*	-2.16695277552302	2.8339573547447152e-8	-0.22181360616453233	0.11718350772744572
13	878	*	-1.929546217567131	4.261069623002575e-5	-0.1551215812040876	0.5331845575013342
13	897	F	-0.9411867960806126	0.00347180465568776	-0.08147081907357345	0.8289336421557479
13	893	*	-1.6363970976638742	3.9828169726350355e-8	-0.20933035273031775	0.24061390970790417
13	867	*	-1.6761930641073175	2.3486159062851843e-7	-0.0725065430440841	0.8545466967068299
13	866	E	-1.0504036899136524	4.7033810636294666e-4	-0.13431278054532636	0.6528714824530242
13	866	P	-2.128707754456668	1.566680623802233e-8	-0.15724650008879726	0.4329504922303022
13	866	R	-1.3212268458097047	0.00169603494242009	-0.10174016359698523	0.7516390094116482
13	895	*	-1.755740809062368	7.423343743289278e-6	-0.20023491186047965	0.14691098055203983
13	895	A	-2.2939453938463488	3.5026082600971364e-12	-0.01077640850505901	0.972819815141452
13	895	C	-1.7463660403943246	2.437018921955229e-8	-0.20481699624935867	0.33878181916881944
13	895	D	-1.4876320618756935	4.833204694076045e-5	-0.03230561504321994	0.93089696435751
13	895	E	-2.4798757921155254	1.6677993992364196e-9	-0.07033530528362608	0.840555060272971
13	895	F	-1.6888778187130635	1.6306228913962173e-7	-0.11621538941120624	0.6986241566358194
13	895	G	-1.7728063786088584	2.3051707846386872e-8	-0.0307726446358133	0.9242400124630816
13	895	H	-2.0269302452985545	2.574276494133561e-9	0.00416847685849652	0.9820692446049372
13	895	I	-2.579127807166412	4.348084915239985e-17	-0.12303638869411736	0.7416627608641538
13	895	K	-1.9376885665606796	4.99608330934618e-8	-0.07679755962767609	0.8502203078691772
13	895	L	-1.8035912820558648	8.946530505497446e-5	-0.00663763723103261	0.9807217700078844
13	895	M	-1.560488746316353	9.957372084143523e-7	-0.00277946285998431	0.9862428911869172
13	895	N	-1.8398751334643515	8.017398526923977e-10	0.00598359410621318	0.9734326586942648
13	895	P	-1.9464853158980593	1.0586849749532867e-9	-0.10418366163088112	0.7486132089330103
13	895	Q	-1.6781788836455975	2.0079537793353223e-8	2.016863613006903e-4	0.9992803086127368
13	895	S	-2.355607090427712	1.9206361281104165e-13	-0.06955989207299229	0.8462045684902537
13	895	T	-1.5357317256636622	5.0832588418545274e-8	-0.05332168256453096	0.8809431874668905
13	895	V	-1.7396821030078553	6.45767733393657e-10	-0.04016107884211528	0.8551257408135836
13	858	D	-0.8420134985327841	0.04933617401914406	0.02782000930713202	0.8657461895425225
13	858	E	-2.1026991542847515	2.4035709295284607e-9	-0.06975406082107716	0.865104535260976
13	858	K	-1.0154041796648607	0.00920249623938642	-0.00828450090910926	0.9736300686688076
13	892	*	-1.7357719510001304	1.666665864711224e-5	-0.21616888147989136	0.22556417392407657
13	894	D	-1.548419700167539	2.3288321317231785e-5	-0.10756987500707647	0.7058618060541896
13	894	E	-1.719694718820276	8.295111542378229e-8	-0.07190164621804218	0.8671070458879462
13	894	F	-0.8801182655903023	0.00119521217901601	-0.02054716072376727	0.9579026895779582
13	894	W	-0.7785649165218199	0.00932759174780772	-0.02481613422364492	0.9316016772769692
13	905	V	-0.661455493531097	0.01798385239760343	-3.596557837839409e-4	0.9990432663915048
13	875	*	-2.264218323667809	8.847710805884811e-11	-0.19336690552804864	0.44629872364108897
13	844	W	-1.5542966136925926	1.2053113507456404e-4	-0.08869802623533174	0.7370494244018388
13	859	K	-1.0523483033838663	0.00224783221005629	-0.11206933093929504	0.4748093767170338
13	859	R	-1.033391710752577	0.00505618766213935	-0.06783310477900284	0.42728573534076
13	883	*	-1.40138633068938	4.39877652471081e-5	-0.2024477739038252	0.3817726087131114
13	863	D	-2.2205588095817412	6.78964512191393e-8	-0.01744302926080487	0.9572026292516008
13	863	E	-1.7591466581339823	7.703998081002351e-7	0.03601876797551295	0.8184689773657233
13	863	F	-1.9296020028232368	1.845400117979581e-7	3.700387296912133e-5	0.9998236392821388
13	863	H	-1.7529566976601156	1.6045874508746024e-9	0.0057672079308908	0.9878858219177504
13	863	N	-1.506155437733071	0.00281532188498101	-0.08257402635341704	0.8449832699224962
13	863	P	-2.1430533538823573	2.381810910606377e-14	-0.1119801555793869	0.7271915402845776
13	863	W	-1.4263528479552734	1.204713925462918e-4	-0.00866320682647192	0.9815651546862308
13	863	Y	-1.7134114604990862	6.116574470508567e-6	-0.00271329857626989	0.985227018352722
13	862	D	-2.357300496736375	8.99567072604309e-15	-0.13178178976617716	0.28247844697610935
13	862	E	-0.9620503103478448	0.04834770298999111	-0.11460987968017557	0.5943715909001696
13	862	G	-0.7664069545754468	0.03123388328396027	-0.0362762758805486	0.929878437351741
13	862	K	-1.694430287635561	2.1700615966639144e-6	-0.05884788179247835	0.7377994971220109
13	864	A	-1.3603474921653216	1.2833864198790483e-5	0.01429685967598903	0.9483475575312555
13	864	C	-1.8520313146587128	3.1635472716400215e-10	0.03369314770850162	0.8100804079598664
13	864	D	-1.3840461965976616	1.312155416213644e-4	-0.04890035631130851	0.8882611825815885
13	864	E	-1.8886533446837448	1.5470550427093905e-6	-0.03646360517120894	0.930506330008543
13	864	F	-1.6845625437008105	4.916736000707773e-7	0.0063101321404122	0.9848688572425032
13	864	G	-2.006915949865051	2.003467475018924e-8	-0.02803613289047468	0.9227665507100632
13	864	H	-1.9578642608837376	1.3071917068874426e-11	0.02705804475102047	0.8954814904012002
13	864	I	-2.5119544306796886	2.567288877956849e-13	-0.01520411118986897	0.9681573529217627
13	864	K	-1.664889144707782	3.4096777934817643e-6	0.02863267409001024	0.9306211833140888
13	864	L	-1.4341690998987748	5.057868768133054e-4	-0.0144038506912153	0.9523975300916694
13	864	N	-1.5979604328814023	1.244077596163512e-6	0.01902004885474118	0.8806739137046978
13	864	P	-2.2762767108221067	2.5927640759701967e-12	-0.02634697967881916	0.9483475575312555
13	864	Q	-2.0454872838782663	8.955645743752272e-10	-0.02190771719620787	0.9479072726082652
13	864	S	-1.9239450856367433	4.342940090710913e-12	0.03265458700974288	0.9045325068649492
13	864	T	-1.95456083585491	1.5683041500363166e-8	0.04957569604196088	0.8149144149243887
13	864	V	-2.650568362621513	6.664634734423081e-13	0.02157823478701681	0.9200284157650588
13	864	W	-1.8974109899071048	1.3149823462372626e-6	-0.04567072024400243	0.895547274479315
13	864	Y	-2.0328983959338487	3.8712446101312856e-10	-0.00682015253074297	0.9504223714302182
13	849	K	-2.40524280187736	9.5821980290793e-9	-0.1677340383914288	0.20960636920110087
13	849	R	-1.7815659290365462	7.069936363543993e-12	-0.13961218970673497	0.30726700751015784
13	865	A	-1.2676261808809308	9.896868646240032e-6	-0.0428993509133998	0.9090936038913354
13	865	C	-0.758783753183548	0.03903438201807543	-0.166121886500682	0.5698611627107373
13	865	F	-1.362878725419819	8.438120807223326e-5	-0.1831774815797267	0.25494757191016504
13	865	G	-0.8975277212951487	0.00331146915614549	-0.06606812216289848	0.8809431874668905
13	865	H	-0.9734100781865784	0.00280736391915919	0.02514845215760475	0.8042632350375566
13	865	I	-1.2323748543443975	2.573098408526921e-4	0.00875688064604274	0.9615658523616486
13	865	L	-1.1514091877922672	2.7603792224852564e-6	0.02941648488529968	0.8742023295765575
13	865	P	-1.367141844329638	1.0637459963542936e-4	-0.0428042272928294	0.9172574082980324
13	865	T	-0.9575267646355494	0.00533316523418661	0.00907871375330471	0.974159321698394
13	865	V	-1.3311976593528592	8.558880405263827e-6	0.03008462428233627	0.873970552811059
13	865	W	-1.4745251915875917	4.87839605828027e-5	-0.1987712009285335	0.42200751797844455
13	865	Y	-1.0967304669618794	1.9349827155304005e-5	-0.04089481246018245	0.9022892255889868
14	978	R	-1.0126817423848582	0.00341490117148028	-0.18515735594638516	0.4821718561516297
14	948	*	-1.5501332872928175	1.814519491934876e-4	-0.25541486978752265	0.1023731961218331
14	948	H	-1.0685349744126198	0.04286811846091273	-0.20488884502124383	0.1608547642082803
14	960	*	-1.9307093669745536	4.411798059518839e-8	-0.07624619258825804	0.8258657986911949
14	960	L	-0.8169562732728238	0.01956355278751927	-0.02001345210084593	0.918599575893584
14	912	*	-2.1695290067755377	4.905939130362679e-7	-0.14929428976744008	0.6609837978341863
14	950	*	-2.206634560294059	9.167978453337475e-12	-0.22047985257700137	0.2410801142704195
14	950	D	-1.4039579697116076	1.3445178872773391e-6	-0.02214633143280198	0.9355186267946216
14	950	E	-1.732772059182236	5.307583058574341e-6	0.01542565802202888	0.9405653375348808
14	950	G	-1.2651653332327262	1.3341016485097907e-4	-0.07933638741595939	0.7721616556026248
14	950	P	-1.6157224382505069	5.883211680063944e-4	-0.05841914336022014	0.7577748074628279
14	950	Q	-1.4314924331194645	7.247819515296262e-5	-0.09482155171767535	0.598693152768772
14	919	H	-1.7143529538549709	0.0015905616497996	-0.04025669041789981	0.8782910299050007
14	919	W	-0.7967245946514594	0.04443271726306354	-0.00966768127952244	0.9734258562583644
14	920	*	-2.106027839794687	1.000197712777136e-6	-0.22993059054115297	0.15054679471537993
14	930	M	-1.5882251748465548	1.347737306864338e-6	-0.15293210818270586	0.53916713876224
14	972	H	-0.9673147113193208	0.02247419440968809	-0.02130414227104582	0.907845285712778
14	938	*	-1.3842850479518216	3.462343579069985e-6	-0.16503334970010952	0.5386148151953437
14	938	Y	-0.6735873875165497	0.03807198087943431	0.01211162279340649	0.965355460550325
14	918	*	-1.4895210344740215	0.00177384270576135	-0.22157149372413656	0.128843626746439
14	965	A	-0.7947695219513996	0.02726490049671131	-0.01125318477710612	0.9620787617059536
14	965	L	-1.3238245470159122	0.02345236320771949	-0.12102022082470032	0.6236032223917058
14	947	D	-1.185204376288882	8.185162688267954e-4	0.00619135383146707	0.9754438003379488
14	947	F	-1.595534463808724	4.14475566675505e-6	-0.0883779174072099	0.7225556851156292
14	947	I	-1.0302035879536262	0.00620611891695677	-0.16322984397644508	0.4068862722282646
14	947	K	-1.3182526764271236	5.812345630480924e-5	-0.13503666085673038	0.5540720351196949
14	947	M	-1.1841802247233066	3.6918964226559128e-6	-0.03902862655740624	0.8879055309165829
14	947	N	-1.0812316274881888	0.00550178164261834	-0.1361320578573183	0.5970111780451947
14	947	R	-1.298416579922123	7.624294641050329e-6	-0.1505829084474577	0.3985580404069557
14	947	W	-1.311257651208658	3.289963426051834e-5	-0.00786501833648578	0.9815897556477282
14	954	R	-0.8220056685125265	0.01103745629066581	-0.23435414256089387	0.177307167857082
15	999	E	-1.1634285067322854	6.248083257745736e-4	-0.05470762479209723	0.8794577968857664
15	1050	D	-0.8105462721457991	0.02165155644464098	-0.01656075543729973	0.961604843895874
15	1020	K	-1.949605322893608	6.099041377982666e-10	-0.25033059812108066	0.14895028226495685
15	1020	P	-2.182866690455641	5.524714575723551e-11	-0.18396227006556476	0.4563366079557169
15	1020	R	-1.215000653230987	1.8833401060535117e-4	-0.01437499469675063	0.9579026895779582
15	1020	T	-0.9279013791821216	0.04605369339577639	-0.14698406257152197	0.6320724923358605
15	1020	Y	-1.1631642186942968	0.00952270537215742	-0.00183864140485767	0.9953266570232616
15	1019	G	-1.0723734141953265	0.04810335202955264	-0.14557843427896133	0.620436500762354
15	1019	Q	-1.723879332769625	0.00248965110619255	-0.0079834786839017	0.9820692446049372
15	1023	A	-1.8752580660487768	3.6026256412523316e-14	0.02021677780332043	0.8799729176999215
15	1023	C	-2.192593106759928	3.378458583106101e-12	0.01266367467389961	0.930914967901742
15	1023	E	-2.316475069430924	1.2488655311476941e-12	0.0352708401390539	0.7156766570205346
15	1023	F	-2.000399956140004	2.6124299896833837e-10	-0.07975366497059011	0.8358273761255611
15	1023	G	-2.176789056749731	2.6276081802141396e-12	-0.17502828696434147	0.5285727446805266
15	1023	H	-2.3913071017395597	6.02012657953229e-8	-0.03494175421950152	0.9318516804836084
15	1023	I	-1.9683002371509144	4.348537215254677e-5	-0.02771342571559365	0.8894083156977077
15	1023	K	-1.6314743128327005	0.00719271356675021	-0.09945707005160176	0.760323710530675
15	1023	L	-1.7483468831275908	1.975350418445077e-4	-0.15120113859423	0.6387172923492088
15	1023	M	-2.2174746299001322	2.1418531551773988e-8	0.01912936865460413	0.9432073149089544
15	1023	N	-2.036130798584375	2.7257400430572547e-10	-0.16411234273358205	0.3642787730672765
15	1023	Q	-2.2506338789810076	2.7081800770688465e-8	0.03909344233782153	0.8214445397205173
15	1023	R	-1.8835743919571175	1.3894882726585172e-8	-0.2266204357892345	0.2719407480189074
15	1023	S	-0.9542561530141384	0.01177006063344209	-0.01070834173630275	0.9339963150881389
15	1023	T	-1.627056648581967	2.4774192990029663e-4	0.01952806142597973	0.9200284157650588
15	1023	V	-2.0056174576579866	3.0012634472528686e-11	0.02049118838362029	0.8874422628467988
15	1023	W	-2.131039288320236	5.701769577599139e-13	-0.10720556902462453	0.7182652483100962
15	1023	Y	-1.5972437259445469	8.21174953879422e-7	-0.21050248949501832	0.3330102512025478
15	1044	P	-1.5132299971311942	1.5794346059989406e-6	-0.00347537532976882	0.9805828707282476
15	1048	D	-2.039527584320409	7.461536375661331e-7	0.0440919654130717	0.7051106862657904
15	1048	E	-1.4460100923452897	0.00216742704602864	0.00264062337671344	0.9853766629399529
15	1048	G	-1.0311615341636846	0.01939065123017383	0.00777875724684451	0.9653102502894636
15	1048	K	-1.4695707729595522	0.00359999707058507	-0.12138987423902547	0.5713860591585194
15	1048	R	-1.4640432872050062	0.00222563811873379	-0.00758642233985951	0.98132110758349
15	1048	S	-1.1391389905586398	2.0126021742506564e-4	0.02492556081800312	0.918235175205414
15	1021	A	-1.5892388575346637	8.379901723569262e-5	-0.06999234999774662	0.8214665987592447
15	1021	C	-0.94367268514785	0.02904197980584116	-0.01396863567018624	0.9397733909706384
15	1021	N	-0.8043876160612315	0.00267823100398473	-0.11871736235834596	0.3730028355357436
15	1021	T	-0.9595945089058632	0.03396143423092421	-0.23045878343129467	0.1215974062180772
15	1021	V	-2.4875803308698865	8.333583710587347e-8	0.01986028992435407	0.9201817364334156
15	1045	D	-2.3917765052635054	4.41747506462536e-6	0.02330199148819578	0.9244449995040784
15	1045	E	-2.053296725125286	1.4494090612451825e-4	0.03955022358708937	0.707066687215389
15	1045	H	-1.1027563417702535	0.00278293228594079	-0.07202832031700035	0.8425012854356339
15	1045	K	-1.718229757527762	4.930080682986174e-4	-0.07295924561053857	0.6697229855622417
15	1045	P	-2.4939940022389666	1.9059952438171728e-10	0.01386645016604126	0.9490734887942718
15	1045	Q	-2.255479262318317	7.239800618949117e-6	-0.04004591374194388	0.857495779076205
15	1045	R	-2.126478744110896	3.036322827563678e-4	-0.06405922338224379	0.8009230772498258
15	1045	W	-2.339672412804523	5.222027625444998e-12	-0.0305019414489418	0.9169175255149116
15	1045	Y	-1.404280664162686	6.600533908941482e-4	0.01787366595416195	0.9299576657190058
15	1046	P	-1.4971069007238866	0.00664218540712242	0.02324204314737299	0.8782910299050007
15	1022	E	-1.490013565620246	3.876503590112054e-4	-0.07271165604139207	0.8619467768472691
15	1022	F	-1.0776927855550695	0.00234932828986275	-0.1018159745826862	0.7270294822146485
15	1022	P	-1.9392634308754813	3.337739391235258e-16	-0.20552257654527023	0.14500626075210482
15	1022	Y	-1.5106707128071613	6.258123123452215e-4	0.02481099678739906	0.935870963456685
15	1043	A	-1.6269887295413286	4.8536658335470254e-8	-0.05279458354443389	0.9022892255889868
15	1043	C	-1.5910532046977677	7.611889158468381e-9	0.028387223641825	0.7885307749669761
15	1043	H	-0.9686433340903786	0.0052889837469011	0.03240988263323285	0.7892868990139063
15	1043	I	-1.234436390954294	0.00681421252916337	-0.04337615135986028	0.9193145572682352
15	1043	K	-1.9738878081853668	0.00533316523418661	-0.25465030777104813	0.12215833532935157
15	1043	R	-2.9779857695807914	1.4685774901533071e-6	0.00961331803261544	0.9615658523616486
15	1043	V	-1.7053095869876786	2.134576691074223e-6	-0.0125837719474996	0.9659522013870404
15	1041	E	-1.7287743151460826	2.701000447988673e-10	-0.03005171612405111	0.9045624449624776
15	1041	M	-2.38274261595057	1.3240705280883022e-8	-0.20443445895130977	0.377868410132438
15	1042	H	-1.4848029333671762	5.1633114370021e-5	-0.06953401362691458	0.8527728547205354
15	1042	N	-1.8545508629327108	0.00167388796665929	-0.2012465195113073	0.17936367901503125
15	1042	Q	-1.7627053310953156	2.377827346361536e-4	-0.2507758701812241	0.10916489364418544
15	1042	W	-1.5013572822764312	0.01738808987441471	-0.01514501293924763	0.9645282394535224
15	1029	C	-0.8418212513217772	0.04874041252587709	-0.11002677728968258	0.6019193659529546
16	1078	P	-1.071062372507496	0.00745326344321788	-0.11690051209193396	0.3372282016360314
16	1063	F	-1.417355340646092	1.0074952374154182e-5	-0.21080775413202615	0.3434256436325395
16	1063	I	-0.874426119701186	0.00484921020910574	-0.19763371514023276	0.4211537581253843
16	1080	C	-0.9262560686652156	0.01179262361808845	-0.16534206938242835	0.5644498032184287
16	1080	S	-0.9625418592829972	0.02885378246905808	0.03325240820413622	0.8301469686587617
16	1111	Y	-1.1840304847555891	0.00778251746571301	-0.00274845890235853	0.992400305564276
16	1055	F	-0.3857621866944977	0.00103130384467797	0.06194769233871877	0.01736220155175915
16	1059	R	-1.0303339757432752	0.03769900209392055	-0.05017359727937343	0.8809431874668905
16	1054	A	-1.318629870719601	5.038032131270374e-4	0.01040441418788307	0.9697206614825536
16	1054	D	-1.5845848033740964	1.0453167768435598e-4	0.05010874230607876	0.7234359222326138
16	1054	F	-0.7681889913112232	1.0516084555943887e-10	0.00686080589588855	0.9197216673524882
16	1054	G	-1.8752939729208031	3.6611788035723704e-5	0.00714487632476013	0.9659522013870404
16	1054	H	-0.8658011972800039	0.02111916812093491	0.00854061590250743	0.9715474670608608
16	1054	I	-1.344181987721564	0.01175977494929661	0.02058046039418482	0.9306211833140888
16	1054	K	-1.6552480440395845	1.3210690053199285e-5	0.04418819017582076	0.6528714824530242
16	1054	L	-1.9874630955183752	1.3278845804484747e-4	0.00561990061704975	0.9760467113008022
16	1054	M	-1.2886453531816144	0.00184640874456681	0.04032656574288496	0.8389458506489192
16	1054	N	-1.771047425388974	1.459029157250263e-4	-0.00835293427339511	0.9802544995937056
16	1054	Q	-2.136372215522706	1.049444989962276e-4	0.00278302154742715	0.9921278619746436
16	1054	R	-2.17304298573782	9.035617184241114e-5	0.00457480252233033	0.9891304384124394
16	1054	S	-1.1077104731991303	0.02490217081932478	0.00204676405017112	0.996846975688144
16	1054	T	-2.0339683225421012	3.605020032096994e-5	0.01192824743676279	0.9572026292516008
16	1052	*	-1.3687777194319977	3.3907457355111353e-4	-0.1880773234695065	0.46140879197368306
16	1052	D	-1.006171921555479	0.04257340357835795	-0.15942616855721164	0.603351553380355
16	1052	P	-0.9209383698720164	0.01709394996727566	0.04581565273585153	0.6568958020834413
16	1064	D	-1.5588916249883733	3.4086563144021255e-4	-0.1536881581257819	0.49373900797531167
16	1064	E	-1.2274567265696532	0.00348607768332799	-0.14483927297480104	0.5609012835055018
16	1064	F	-1.9092888311133052	5.2190455622368454e-12	0.00396020634287863	0.9769237178843748
16	1064	G	-0.8782446089293152	0.01120313006984319	-0.01653576603543982	0.900465637132389
16	1064	K	-2.56404389601558	1.6930982377191014e-7	-0.12445238932307678	0.621923756321782
16	1064	L	-0.9363556501419872	0.01484288684415523	0.0038335388233488	0.9732945712113306
16	1064	M	-1.699521378029251	3.841446988121022e-6	-0.00871289841615308	0.9757180687474266
16	1064	S	-0.9237634083451332	0.00445577095302352	-0.01805350870391897	0.9217955575307952
16	1064	V	-1.1707172409749795	0.0059186947072053	-0.1356458969229979	0.7121668934107882
16	1064	W	-1.884660302605212	1.90636676844936e-5	-0.08140700684949098	0.7932028872141275
16	1064	Y	-1.994923248593717	4.607423194400475e-13	-0.04556102315614885	0.8747559006691817
16	1083	N	-1.8102185943762743	2.801071449305636e-4	-0.10757173623033622	0.4690852225546766
17	1130	L	-0.7809162293693241	0.03518346930845831	-0.10772746234098796	0.7782556730262282
17	1156	K	-1.7892171939948749	0.01295537274156372	0.02435153549373603	0.918235175205414
17	1155	N	-1.421092762982085	0.00393108261912158	-0.00693486977112245	0.9746454286906784
17	1176	E	-0.9645370176693616	0.04296986559028178	-0.05897691208558919	0.8835742522285526
17	1184	I	-0.8947049566332066	0.04226192051496403	-0.01239124881968689	0.9408951727858452
2	109	D	-1.8626855304362908	0.01374639053247862	-0.0417064573128838	0.6829682566655492
2	109	G	-1.6932255845728874	6.004036266370142e-4	-0.09799200397133678	0.16443110407219377
2	85	G	-1.4743395286496903	0.01678298147803737	-0.0015633849356702	0.9953266570232616
2	85	T	-1.4034002489665438	0.01789369562930331	-0.00348826066981766	0.9915919485555852
2	103	R	-1.573001046508001	0.03076933958787287	0.00446077865550675	0.9666377089354644
2	113	A	-1.141068422275229	0.03560160890124898	-0.07810993630071916	0.4854511839824517
2	113	D	-1.1852538553436682	0.03966006166496943	-0.07357407238831293	0.38642779745826866
2	74	R	-1.4797110289464814	0.03235260427804622	0.02758399368387587	0.7689979859405723
2	112	K	-1.0525550823999208	0.0378494032074725	-0.13071708358830902	0.39199305005342766
2	112	N	-1.4733368101493878	0.00626917474305565	-0.07395563462550125	0.3043132312843784
2	112	P	-1.4589262885906344	0.01868162135436049	-0.09434505120403436	0.32398523547744845
2	112	R	-1.5581448189379803	0.00532877054021196	-0.18986103633297763	0.33563938458606546
2	91	K	-1.7267084973599236	0.0213391192010664	-0.11874102010369005	0.4040931725966558
2	78	L	-1.0356676021663762	0.03155508518103937	-0.091089684474712	0.6893647549829053
2	119	T	-1.216399662190196	0.01223934771967029	-0.01834465576300303	0.8995183141161657
2	76	D	-1.5947711150737909	0.02706525132182601	0.01392932740943941	0.9397335817747724
2	76	E	-1.7271119443799376	0.0083025739455694	-0.03110764462613702	0.8107323056442872
2	76	H	-2.108435455557425	2.4133676601491422e-6	-0.02292404537493397	0.8240865940567904
2	76	K	-1.5108060138508068	0.01402322803121806	-0.00260797039641003	0.987877311410084
2	76	R	-1.9333458944591604	2.2269626966495627e-6	-0.02502358465180321	0.7394197010892702
2	76	Y	-1.6665088493853504	0.01194009734393736	-0.02583309107656806	0.867906646951691
2	104	L	-1.554953999045023	0.02765018857235114	0.01483365839304207	0.8776289479804739
2	104	P	-2.6732966504203395	1.8665907259348613e-5	-0.04891826583656633	0.7133129123501798
2	99	H	-1.4171244503753315	0.00783519757164299	-0.01967902472912208	0.9314629215891452
2	131	K	-1.4862225387678594	0.01651545876803918	-0.1068556551104427	0.6311790287544141
2	111	I	-0.9661582461433008	0.02885378246905808	-0.08283754373365926	0.3641918927547182
2	108	D	-1.8863615227156592	3.227017228480116e-6	-0.07456834011179347	0.21080335906927908
2	108	E	-1.5165130249347694	0.00956657218389614	-0.08550568224351562	0.5590994947327057
2	108	G	-1.2779162758204	0.01492469018089887	-0.10988201083631266	0.39710523033291834
2	108	P	-1.638361200939304	0.01054731881056746	-0.10111739878728532	0.4463699178909184
2	77	P	-1.7417888977167166	0.01732374232620629	-0.09062855479625652	0.8233301808234058
2	106	D	-1.6518737492002726	0.03235296268200481	-0.07763802186596291	0.6245388894425226
2	106	N	-1.0712164162580022	0.03944752777299267	-0.08571673383617806	0.38479028569298024
2	115	N	-1.314763280149423	0.02330979817025482	-0.00574363572496139	0.980039720288895
2	75	P	-1.8735046789317935	0.03721026852003187	-0.06303235545167862	0.6528714824530242
2	84	E	-1.414800443221515	0.01884667509922002	-0.05495644827430279	0.7564654342228755
2	98	V	-1.127625589302459	0.04078348686413701	-0.00640118111534715	0.976654041211448
2	107	D	-1.9903049765318237	8.08322435688271e-4	-0.01735648820115287	0.8629070037821379
2	107	E	-2.908132548891897	0.00592358070103117	-0.02814843728916483	0.8729916753953468
2	107	G	-1.3501678941431834	0.04179705560710217	-0.08624640189471289	0.4369217421311671
2	122	*	-1.4762102297340138	0.011931053616946	-0.20024782491051923	0.37713009769772887
3	148	K	-1.6782502590793402	0.00273106772052948	-0.2193280735740901	0.12772985672743695
3	148	Q	-1.4902362070548214	0.00382326760382772	-0.01148791665355186	0.9483475575312555
3	148	R	-2.105192323788307	5.445663134632203e-5	-0.15319018836901904	0.5652149930225043
3	148	W	-1.3869262101089097	0.02983362184830643	-0.10668038203027064	0.6311530607328575
3	148	Y	-2.082932663557828	3.530319089489558e-5	-0.08814390872959355	0.6482033378991187
3	185	*	-1.1326543311922523	0.04635724411754447	-0.20449361870524851	0.29916376907990805
3	192	*	-1.6838129142817209	0.00119820722458573	-0.24322653796591653	0.125987520568862
3	183	D	-1.1058488545316327	0.02134188157375072	-0.10850618793253164	0.6773984356898901
3	176	*	-2.061673497881767	0.00761461458099115	-0.22416783694432457	0.24707894406116865
3	144	*	-1.831773553147078	3.9105608905781095e-5	-0.24649136844389047	0.16199274167364855
3	144	E	-1.79043511616449	0.00702283781087872	-0.20802371006824016	0.17310438251551455
3	144	R	-1.4009131565487345	9.10141372081899e-5	-0.13277727181222487	0.20100281675130985
3	206	R	-1.166221700084866	0.04268042895825304	-0.02458021531762466	0.9432073149089544
3	151	D	-0.9337962970880292	0.04497532965287693	-0.06238790456515675	0.5477023452785637
3	161	P	-1.5280553597052255	3.574270365460702e-4	-0.16276567939350867	0.30609735189252935
3	155	D	-1.249004283831583	0.00571314243408516	-0.06403797075253204	0.800625036051086
3	155	K	-1.456811458170128	1.7318212744551573e-4	-0.0624633722660527	0.5324489969731353
3	155	P	-2.3590370542266377	1.5553657231415633e-8	-0.2000854966061233	0.18212654304248935
3	156	P	-1.7710741783968162	2.4619960350261e-4	-0.1871044846526883	0.40794783598272
3	160	D	-1.4659992851663468	4.3355561542742134e-4	-0.1523582707378982	0.31137459316758903
3	160	M	-1.2878607124136263	0.03353706268169279	-0.13072409576463473	0.391238508701395
3	160	P	-1.4504763228157618	0.01512838578735634	-0.16594462855841868	0.20252375198783804
3	160	Q	-1.4224939261634	0.02906701919928563	-0.1131915666876674	0.7190658003873719
3	160	R	-1.8146479561822764	0.00220615626765982	-0.21354356558910575	0.12171601338468711
3	153	*	-1.5629228048769253	0.00218559549474615	-0.18593118031052383	0.3982186586920912
3	153	D	-1.3701335915943769	0.03723584541763074	-0.12089962863920688	0.512524026442744
3	203	T	-1.3562299615323774	0.01628143817055992	-0.10389237043139998	0.7259303199273356
3	202	F	-0.9169633383970984	0.02795126408868128	0.06331894356214063	0.5171733565978789
3	157	D	-1.049834463438187	0.0078928213489941	-0.07954882020482068	0.7205423751910232
3	157	P	-1.563009505275092	6.153924953029821e-4	-0.03723150896767568	0.8708115275027826
3	182	T	-0.9564794516439116	0.04918734001917042	0.0015675090380659	0.9953266570232616
3	164	C	-1.0278899920329692	0.03765833824130899	-0.07144312236507999	0.7184462364053814
3	165	*	-2.1103919732508447	9.015151477706666e-7	-0.1854808933633958	0.40547445861321463
3	145	A	-1.3887579071745944	7.682867834736502e-4	-0.21305052418930664	0.2346963742722996
3	145	F	-1.648117712776125	0.01578455724910588	-0.06252633206982472	0.8409590868919633
3	145	I	-2.052242194113563	1.509468208110457e-7	-0.152962214176614	0.5447387388399918
3	145	L	-1.8184022394096904	0.02859012655040612	-0.1311868597944873	0.6019193659529546
3	145	M	-1.2020661766205167	0.01829566296688854	-0.1061409190670527	0.7763228991379952
3	145	R	-1.6363995653638137	4.627401515092221e-4	-0.16859013824418145	0.340248982201834
3	145	T	-0.8940532539173557	0.02393941991365042	-0.21265750660391197	0.1951878739146165
3	145	V	-1.5878618329288758	4.137263585072744e-8	-0.05386095953478487	0.5445816297801225
3	145	W	-2.0701383966994196	2.1998001635623084e-4	-0.04464088005408784	0.7957183247589678
3	145	Y	-1.84292398352374	2.2929500913389248e-10	-0.13934528885778508	0.5823007201908792
3	189	*	-1.377880796959486	0.01036685439141243	-0.2361211593496347	0.196999010738074
3	200	P	-1.2625227136796948	0.03278246949622773	-0.23668836704997304	0.10361106328927092
3	187	V	-0.8761427654901262	0.02532527784314798	-0.10152615911834906	0.6706784335510368
3	143	H	-1.2063593452643837	0.00202036616037112	-0.10248785984565768	0.4142202454060406
3	152	P	-1.369393337723955	0.00855256711083939	-0.10864158049703963	0.44689559351237584
3	186	D	-1.475757107061102	0.00174366849445639	-0.1522163925522058	0.45158891698005166
3	186	W	-1.164486333990014	0.02065486507817691	-0.18379220195586288	0.31330608257219594
4	233	P	-1.313727065062471	0.01384827971161801	0.05664014657600547	0.4297836420716704
4	266	E	-1.3509701501797111	0.04541777866483156	-0.17056882812739832	0.363942671829956
4	266	P	-1.9026861133990445	9.573134320954904e-4	-0.09252893424241138	0.40163138596394904
4	232	D	-1.2726030058212587	1.7806988368624364e-4	-0.09210261672530172	0.432968331051171
4	232	V	-0.9258470084941564	0.01873587267617633	-0.02079473931473507	0.8505150039269592
4	236	D	-1.299014994824605	0.00486046898436062	0.06823790459896584	0.3982186586920912
4	236	S	-1.0812575089651804	0.04572556959289967	-0.10878952514476949	0.643749818936574
4	259	D	-2.101855410105899	1.2385112659253733e-4	-0.08995593731243134	0.599724535088868
4	259	E	-1.843948570186596	2.0576617108796725e-5	-0.18025319701558729	0.13470070033006884
4	246	R	-1.1962094129664615	0.02053353432428399	-0.07569680304041693	0.6927054228275246
4	260	E	-1.549631768312454	0.0050339228416268	0.00740270430270217	0.9574803388938956
4	268	Y	-1.056551425718881	0.00243920863492117	-0.16837622171760713	0.17573560772017943
4	250	Y	-1.038501650306071	0.03866713881511536	0.04075964596198045	0.6196735161223401
4	276	V	-0.9922779111791942	0.01286062515427715	0.0260236244553117	0.8354491873669624
4	228	D	-0.9751393828313878	0.0366229047185247	-0.18362985490672065	0.19628308400565653
4	256	F	-1.151246103321535	0.03527019126533224	-0.09307547283547946	0.342337634364106
4	262	E	-1.3931001021485088	0.02515557193263702	-0.1243384396708691	0.7256276884066382
4	262	P	-0.9871701103914494	0.00745697785086062	-0.02607206921921578	0.5295931381334142
4	278	E	-1.2411461178899477	0.00973478462855388	0.00120321326767769	0.9985518850393936
4	219	G	-0.9477528986135806	0.04479815485226606	-0.11496125104851718	0.2943378757357456
4	270	D	-2.3868708661261047	1.7654941464224398e-4	-0.07762096427087062	0.5485853068844603
4	270	E	-2.2137452543270877	7.48434785867172e-4	-0.1657329962324296	0.4293758787953306
4	270	G	-1.3358178152986897	0.00745445439655754	-0.08792486177819547	0.40084998060176774
4	225	N	-0.9186347809284876	0.0369731860876356	-0.02153297533810227	0.9252876530944903
4	249	P	-1.4993252222842453	0.02422612994598916	-0.08952833098285073	0.6257624713488593
4	257	Q	-1.584832593224057	0.01401012911721317	0.00330303175606294	0.9904306310469816
4	252	*	-0.9930459432773706	0.02383602433880275	-0.1865519620106399	0.4440954254605879
4	263	A	-1.0606498260531194	0.03332115372661373	-0.09977890731997784	0.48124943492020894
4	263	D	-1.6921998673791727	8.958242887108054e-4	-0.08183029779322071	0.8318045906904555
4	263	G	-2.0030278034590063	9.3781118661624e-4	-0.08040550002966573	0.1738534640301053
4	263	H	-1.0203487024633429	0.04506582993736765	-0.06282578112845039	0.6389310317473851
4	263	K	-1.9105298554655616	5.8651616609998295e-5	-0.06652531609628376	0.6912775458167881
4	263	N	-1.7800495629000384	4.925245730454592e-4	-0.08621323191231345	0.7259303199273356
4	263	P	-1.3789569855282136	0.00981595449814826	-0.0632093478445046	0.5404882417237403
4	263	Q	-1.1867014820334445	0.01864455816183865	-0.12009017381860754	0.3184898175524705
4	263	S	-1.439606653134784	0.00929791981061875	-0.09545759677809208	0.46140879197368306
4	264	M	-1.3347602540914845	0.03579224647739166	-0.11387210527445456	0.33147338312242275
4	264	P	-2.4035449545860965	4.185175345096899e-8	-0.12312119231499784	0.13536111575858742
4	272	Y	-0.948898719884256	0.01253396306490897	-0.1058966342943517	0.1153436880073137
5	284	G	-1.0810305552291108	0.03646141961454405	0.01735976574253506	0.8992878858552898
5	316	Q	-1.6626669092673343	0.00391872401311643	-0.1102283351078579	0.5004555289369828
5	316	R	-1.658916549419049	0.01337751289743634	-0.22373134682481371	0.18894930669944207
5	323	K	-1.552706578951721	0.00547721005636542	-0.20197784510084793	0.32449063116761623
5	323	R	-1.3458150802400546	0.00523410418504914	-0.07802026882788038	0.4346152338498565
5	325	K	-0.8855596049519977	0.04062978836794539	0.007145381177589	0.9555698826673572
5	283	V	-1.221155148610221	0.01952048193495411	-0.02545985080106549	0.9341323735236292
5	318	E	-2.1467860524980855	4.774074936979131e-9	-0.086842076602896	0.4485253921201728
5	318	K	-1.7100943882758428	0.00119024407662224	-0.1125119276592984	0.31273431347996045
5	318	W	-2.0341733509432345	1.00703301527965e-6	-0.16910246296239873	0.12998212972380194
5	321	*	-2.2578778949849587	3.8216061928274535e-5	-0.2133124233213926	0.26968687629623533
5	349	K	-1.405810751993687	0.01357908077961085	-0.18404423558779	0.33227009010132286
5	337	P	-1.0656900996526737	0.01947843262617906	-0.06729971478236452	0.8425012854356339
5	343	K	-1.222627207272297	0.01665050899808113	-0.03606031693218259	0.8879055309165829
5	320	R	-1.5944204653455183	2.871484320278608e-4	-0.1020538787335985	0.43872656648279384
5	320	W	-1.3846384865934755	0.00211519117168964	-0.05564552852737936	0.1563227602723675
5	324	D	-1.1392755641565164	0.04817636193913954	-0.13707892401145427	0.15054679471537993
5	324	G	-2.7656620213210887	5.9815861498147e-6	-0.11522318451824676	0.5163956917771192
5	324	P	-1.7940124632420622	0.00479062483421037	-0.13034804865552496	0.1992117257641328
5	324	W	-1.8444568101964944	7.861730293293875e-4	-0.08335755153594737	0.6704607343940825
6	398	K	-1.2136442701929544	0.00586628370715755	-0.01294514520006784	0.9736300686688076
6	398	R	-1.4195813535029245	0.00102127276120397	-0.00272371925557424	0.99074145801812
6	420	R	-1.688639142501804	0.01883194275937047	-0.16236787207227488	0.20593274297405692
6	420	Y	-2.1396024844505925	1.8038867599830828e-10	-0.08174727594783648	0.4194651797163456
6	386	D	-1.4673327579251252	0.03457614823471849	-0.09846645853663216	0.538159368568296
6	386	G	-0.9919631448164908	0.02789746194231753	-0.05757910368303354	0.3635893938200426
6	386	W	-1.2561265257452463	0.01116919606062158	-0.11492750856737088	0.24233535809907397
6	395	D	-1.4146088137935109	0.00641216896860039	-0.10435019938799084	0.538418538931066
6	395	R	-2.3917673468105995	1.057143547560213e-5	-0.06052183890187757	0.6019193659529546
6	416	P	-1.879801064164846	5.64139382283849e-5	-0.0394111299186739	0.8806739137046978
6	416	R	-2.544099008242888	1.945886029816997e-9	-0.09630009730522172	0.6468349969522653
6	403	K	-1.436074574686195	0.00595541451610462	-0.176314289897202	0.33103908293936973
6	384	C	-0.887985834704393	0.03142696215634708	-0.00598019509883385	0.9603661160165412
6	384	D	-1.79019056738248	9.935433444272446e-5	0.03023503113322656	0.7341764011320421
6	384	F	-1.0501010459273428	0.03524985558445143	0.01583996631576933	0.9273591903586133
6	384	H	-1.806120485574001	9.302899068430856e-5	0.02610833066331774	0.818313656914156
6	384	K	-1.4994589386656834	0.00562915809239627	0.01979501721080456	0.8601907655382863
6	384	N	-0.9609054424428152	0.0165633943593512	0.03343916683772785	0.7658444797913644
6	384	P	-1.3695800608545503	0.00444343353817587	-0.03806734567731795	0.4455978514885662
6	384	Q	-1.594333487985251	0.01916140081258664	0.02459129370661839	0.8954814904012002
6	384	R	-2.380057577622253	8.941791376684554e-6	0.00153031538579351	0.9930200571091836
6	384	W	-1.786749558177338	0.00545354142298104	-0.06149973946611642	0.8032958148236657
6	384	Y	-2.2456695995600864	2.1996376161296776e-8	0.0171758180114655	0.9042301684384276
6	393	D	-1.8360964503411017	0.00165729891536145	-0.05263137502438408	0.5970218542831132
6	393	E	-1.5226398556475165	0.00592853130423614	-0.08595744252213444	0.43583021631304897
6	393	R	-1.9353850940742203	2.137211579749607e-5	-0.09129665822335142	0.5963215668480878
6	414	*	-2.53358944583526	7.54685348839915e-5	-0.14937434584208203	0.6281927823496231
6	396	D	-1.393500834750416	6.628585662769383e-4	0.00499609164924097	0.966423071416216
6	396	Q	-1.0388766748937486	3.654039872839414e-4	0.03901743535284674	0.8707549349078909
6	385	D	-1.5278175016272102	9.533933783306698e-4	0.04672887118667368	0.8182248714976977
6	385	E	-1.4628070831301387	0.01298197829597462	0.03651021790736109	0.841179986515067
6	385	G	-1.8112225103008956	3.003918680164813e-4	1.7835430315038536e-4	0.9990432663915048
6	385	K	-2.81119201457269	5.489341743978585e-9	0.0191681121765147	0.9523217849631462
6	385	R	-1.8685193019392463	1.67604837583202e-6	0.01768838611418433	0.8806739137046978
6	385	S	-1.8158342150073912	5.213990120815133e-7	0.05831711083523061	0.25200831380822675
6	417	K	-1.1979423526067907	0.01562403076208583	0.00177145048967031	0.985142558650726
6	417	P	-2.226849952247125	0.00283903043213123	-0.15031356607638358	0.42031220188907886
6	417	R	-1.338247606527457	0.00720473093238841	-0.03236055312545216	0.7827291325059093
6	405	D	-1.4182392325946351	0.02815158477222627	-0.11616573784965312	0.3057029253115536
6	405	R	-1.007015654672556	0.02867280615852996	-0.08717850030079732	0.5519367742051648
6	418	K	-1.4789977639394658	0.02867468059359277	-0.14726831237287608	0.2971108121535037
6	418	R	-1.1892377346034195	0.03958191258470769	-0.08009240994722433	0.4083834857476327
6	415	E	-1.3844112307469678	0.01915451600785949	-0.04249850656672582	0.800625036051086
6	415	W	-1.3959316530944526	0.02220536452122801	-0.04757631960737529	0.5202345119040901
6	399	F	-1.6861024626575931	0.00224434354378829	-0.06710683964972164	0.396492732924857
6	399	I	-1.2638253990153256	0.01108029637243217	-0.0302580896635608	0.7710486587959022
6	399	K	-1.180158789159664	0.02540666041048212	-0.01556623626868436	0.8753333979251853
6	399	L	-1.0791980970601802	0.03368522506685782	-0.08315538719657711	0.477959691221933
6	399	R	-2.178479715210099	6.884577384218506e-5	-0.07127660621140919	0.8414756962190547
6	399	Y	-1.9918640320607728	6.766534803013359e-6	-0.07730702738737016	0.3595956939098077
6	383	D	-2.1787571618392265	2.6624222827327393e-6	-0.0456303246159635	0.1700478698932434
6	383	G	-1.6405267875044267	0.04542145471663297	-0.05607777661537594	0.2695141731420504
6	383	H	-1.1908365197969182	0.04002644340277489	-0.14012136379301054	0.18161865183488515
6	380	D	-2.2064431520629935	5.120644493942883e-6	-0.05505101184441519	0.7919995921357689
6	380	K	-1.706597713667583	0.01208753168242561	-0.03681978825113441	0.509212121726883
7	465	*	-1.5926228891348462	1.5128631210846615e-5	2.349901234636187e-4	0.9994987155606044
7	422	F	-1.2105504388810489	0.00203204446502381	-0.12160995253239226	0.32920139942483423
7	422	P	-2.099354070075471	2.172277263523968e-9	-0.12902821084016303	0.47604176175436
7	422	R	-1.381628253079973	9.511149174884836e-4	-0.155169577197522	0.10876006564714626
7	422	W	-1.6565911149574153	4.243333635306433e-6	-0.10440306624317108	0.28611921880222896
7	483	D	-1.1032646888356887	0.00619640126639911	-0.00328948652023941	0.993010525666451
7	432	K	-2.381521562411303	8.869258784509657e-13	0.01878557857862317	0.9422719898763892
7	432	P	-2.038349443571503	6.72397119258126e-5	0.01004313404649448	0.9405653375348808
7	432	R	-1.7101076084679996	2.3486159062851843e-7	-0.03785813097345336	0.9136254209838716
7	432	W	-1.7687889848531413	5.699206019063949e-6	-0.18454766534079736	0.3067308407734186
7	447	P	-1.330583582117917	0.0120035486156351	-0.04393282567329015	0.8613606193554423
7	475	G	-1.0284612044918433	0.01039130856387498	-0.0313252811606689	0.6390291817974427
7	428	P	-1.9070230618840889	1.808189112870239e-4	-0.09864578524338152	0.6429165612774036
7	451	D	-0.986777222720213	0.0191068848055963	-0.00638860030233223	0.974159321698394
7	451	P	-1.3501708391454483	0.01498498016102959	-0.03140741621391518	0.9176022882389344
7	451	R	-1.231827825187476	0.00162516412800882	-0.1705858764167303	0.15951506387637268
7	476	L	-1.2499955754370344	0.01523650500290705	-0.16360848741754358	0.17450942595971758
7	476	V	-1.0414015450036789	0.0373252467154718	-0.05940801445492105	0.7737873758910233
7	476	W	-1.0173385968905069	0.01475955071799935	-0.09000902042092884	0.43399202990890634
7	476	Y	-1.376133667546618	0.00998632816807495	-0.12522735240578908	0.6132382333745015
7	470	D	-1.247441751054635	0.02733114796084813	-0.02853815224110323	0.9405653375348808
7	427	P	-1.471380636680326	7.565268531672617e-5	-0.15960213092098763	0.2346963742722996
7	438	F	-0.8702056786142662	0.04623955005259198	-0.07327866474549405	0.6433301966029255
7	438	H	-1.0713164938058728	0.00466997120029691	-0.07646296124565777	0.6952422645262992
7	438	R	-1.44733520312972	1.0145802531252057e-6	-0.05783328868898441	0.7240932074505463
7	438	W	-1.3073522431146924	9.663697170048666e-5	-0.06644612278897255	0.6912754338652737
7	438	Y	-0.7582805979204568	0.04392575251736293	-0.2177108237032993	0.1058619308630986
7	443	*	-1.660693413670309	1.1844242499045692e-5	-0.04561230381085068	0.9092920530330316
7	446	P	-1.24856730505527	0.0449885490272742	-0.22315036107386255	0.11815264766328971
7	487	D	-1.3863389481372146	0.01793255073256635	0.00945654306282073	0.9729218680232192
7	472	M	-1.225682377765942	0.02613927081920797	-0.10893121506394444	0.7389617536258587
7	472	P	-2.6402305834208573	5.372183225337119e-12	0.02545722898892433	0.8000635118796003
7	472	R	-1.2671391085751198	4.1707873842641353e-4	-0.14095410375261783	0.25676929645562496
7	473	D	-1.868016200081832	5.657639977244795e-5	0.03038627095615165	0.9186930901105396
7	473	E	-1.6487665843668544	0.01177606095369012	0.02071968832497239	0.9415380534500752
7	442	P	-0.7511482819430553	0.0340404376091621	-0.08069422109036073	0.6948741899015525
7	474	P	-1.3608267958784608	2.5726050394368354e-4	-0.05269363247085135	0.7944073093564938
7	423	*	-2.53518747993224	2.1364869145461494e-6	-0.23275975550274913	0.18343140163202504
7	423	A	-1.0858636094460177	0.02940803196531523	-0.1573041415192204	0.2937496196203641
7	423	D	-1.760198190476286	1.907913978026724e-5	-0.14440213407652536	0.3125719939195416
7	423	G	-2.4269974180256577	2.4090743207722996e-6	-0.08232945476395803	0.7234359222326138
7	423	K	-1.7483170599888775	5.03655659029336e-4	-0.11255736297732576	0.5579958475376741
7	423	P	-1.5863310829917128	2.0991169107008743e-4	-0.10077658866692885	0.35511948745830807
7	423	Q	-1.6128520340242587	2.237072032019742e-4	-0.1845620044911624	0.20118024322245048
7	423	R	-1.6757564747357314	6.412732917358407e-4	-0.14791993674703452	0.32972574946641736
7	423	T	-1.5417536690462663	0.00565377877654354	-0.05862477311673741	0.5821887367299265
7	423	V	-1.2928355454527576	0.02130107754087474	-0.08097380636347973	0.652107092581613
7	435	*	-1.3126758115730888	0.00156288920901659	-0.14580179000229798	0.5669830973784356
7	464	P	-0.8643606321064145	0.03705586320928479	-0.0291509343448022	0.8688552271975205
7	454	K	-1.380646671825687	0.0382597785647937	-0.0275137115292734	0.9092920530330316
7	454	R	-1.026460328543506	0.01196940727429126	-0.07348674046103076	0.7100783393534817
7	429	A	-1.1021316307142162	0.00180908010017558	-0.05056616968441241	0.8598396322870157
7	429	F	-0.8199314317284861	0.02501651638994978	-0.02684062465236303	0.9084742547507838
7	429	H	-1.160557205411651	0.03283152559643085	-0.01346862889425559	0.9028066098990284
7	429	K	-1.690246959587075	7.006505464571096e-5	-0.0394053454325165	0.7531983715872629
7	429	M	-0.8356156669129838	0.04608001459861856	-0.1542640341783768	0.5530121799384977
7	429	N	-1.6881238970266164	1.8981017785272392e-4	0.00648122275068974	0.9709953601919384
7	429	P	-1.796096208750104	1.3531951016743273e-5	-0.05657860621877875	0.803142376537867
7	429	Q	-1.0182653218061224	0.00569239635361476	0.00192718563644689	0.988141622776356
7	429	R	-1.4096846199169175	6.718690273591518e-4	-0.13403292685708745	0.5055285034280388
7	429	S	-1.6074804062006471	5.983147713798536e-4	-0.00424234312909121	0.99074145801812
7	429	T	-2.163255064166925	4.8133061273286e-4	-0.06628143862005575	0.7943114843122677
7	429	V	-1.2765215583764349	0.0044197178357257	-0.18742777907844677	0.37456011108945625
7	429	Y	-1.2004840185620655	1.3170562866807184e-4	-0.0968475414151868	0.7808225483540085
7	477	L	-1.4980154597339674	0.00369891836431954	-0.17555179430165807	0.4738124063773579
7	424	K	-2.246137431010139	5.305758348535842e-10	0.03058780610898615	0.8356607231626537
7	424	P	-1.3254731814286618	0.03038559198362278	-0.16761141731997947	0.5552050884181431
7	424	R	-1.6652760216059472	0.00329677373707935	0.06112659267175635	0.5332948439632466
7	424	W	-1.7513453835040842	1.5448626462974256e-4	-0.00231811174806351	0.98668303865268
7	486	W	-1.245203197187277	0.0220308527825038	-0.05829547130792645	0.5858275017858916
7	426	*	-1.9493271743661365	1.0453167768435598e-4	-0.2379275001381317	0.18624716264644484
7	426	P	-1.9116827868399089	2.9838562873919865e-5	-0.13407576480141614	0.456640598872971
7	426	R	-1.1608373546434263	0.0270081939460213	-0.14049738193849648	0.3770458672499432
7	425	P	-1.5599186869101205	1.8781407695930403e-5	-0.05348268979179504	0.8560669673365474
7	434	A	-1.3465464686035715	0.00176865274561063	-0.0346974894574783	0.8600788092491
7	434	D	-1.4991541975871123	4.7214703771343206e-4	-0.0853791238155236	0.508194786911112
7	434	G	-1.349957518755852	0.0080907674095616	-0.0993881494237423	0.7594172913874251
7	434	R	-2.3745928013057034	1.272520616418291e-7	-0.19966941164312285	0.3593807965249427
7	433	A	-1.1764636599466416	0.00424030294161486	0.01897068341764907	0.9306211833140888
7	433	C	-1.0886146352614612	0.01858439536072349	0.04347096564450481	0.800625036051086
7	433	E	-1.3169382955640183	0.00366853191556597	0.02779087776599587	0.8821647457902143
7	433	G	-2.1241580083023477	2.2804319479929436e-8	-0.07925671786314159	0.6395377703640864
7	433	I	-1.7982650025043363	0.00178788762959306	-0.0316202900877155	0.9357776343158216
7	433	K	-2.0613832251888216	1.54953896438581e-7	-0.1731844604970475	0.4514498070093552
7	433	L	-1.3759261731982422	0.00279228694497445	-0.04895262798734767	0.9042764784074694
7	433	N	-1.321200642314736	0.02948407796451701	0.00822059605462588	0.9525475543878644
7	433	P	-2.469579256077808	4.148973720471255e-7	-0.03340536917092229	0.8952175191710751
7	433	Q	-1.6679967326061382	0.00769513590986544	-0.04846316230919423	0.8728657915714508
7	433	R	-2.3908589473341575	1.0516937815499597e-8	-0.06616465789889858	0.7156766570205346
7	488	*	-2.77336496690506	0.00516283272609868	-0.23090782806122967	0.1320764259574659
7	485	D	-1.4512786718950867	0.00208419977893615	0.01821057496177658	0.9357776343158216
7	485	E	-1.9445159061046895	4.460825553703368e-4	0.03550682969223084	0.8674163403248527
7	485	H	-0.9837778761688734	0.03533678207402796	0.00956878637684854	0.9315432420424936
7	485	R	-1.544514749789862	0.01542677655889126	-0.07262532946504219	0.8675032491093941
7	471	D	-1.792935535077715	1.0323780262408749e-8	0.01513063336821451	0.8321207616550779
7	471	E	-1.099888474587614	0.00874463315635813	-0.01961506265285362	0.9022892255889868
7	471	K	-1.4687904150469122	5.232205319567147e-4	-0.05468160695132684	0.8098260068288886
7	471	P	-1.7947125983805434	1.1193481897988048e-4	-0.00293217979235904	0.9899505278995008
7	471	R	-1.9050981467951555	2.3279840308545107e-4	0.01197849152165886	0.918091242134059
7	421	A	-1.4133401947720712	0.00533390523625042	-0.07798900064120862	0.4139030908197019
7	421	F	-1.825330569847036	7.186653723359587e-7	-0.01460016204350422	0.9271131170711118
7	421	H	-1.6265157127649623	9.603071419855486e-8	-0.03593508245490373	0.6004263271913496
7	421	I	-2.2948638209740384	6.524598906989533e-8	-0.13538831907498672	0.49633373740737646
7	421	K	-1.8108184381376755	5.273026783535508e-9	-0.03333099513959248	0.6958029110591588
7	421	L	-2.0153731981548613	8.138945775567783e-8	-0.13022946795724988	0.6136558581932735
7	421	M	-1.304440114511651	2.144880205098502e-5	-0.0786210191374146	0.711362323573635
7	421	N	-0.8589437681022198	0.00198955360364334	-0.05740330018042017	0.2434053581744012
7	421	P	-1.986189826476026	5.670874858552401e-6	-0.09481218172967198	0.4106106229983616
7	421	Q	-1.002691891619551	0.00464048405283027	-0.08537597154141674	0.4340939123172389
7	421	R	-2.2313542722119317	8.029540099321295e-8	-0.02546386621670127	0.7031812534533494
7	421	V	-1.5079972607452568	1.876518166404674e-7	-0.14763508144474163	0.3256441140113868
7	421	W	-1.7469906104843644	5.3119159971131994e-5	-0.03207089792472595	0.9258988852449024
7	421	Y	-1.9160695709395623	8.44128303862587e-10	-0.11167704115151068	0.19825672944159353
8	560	K	-0.9420692229785984	0.00135667291968286	-0.10372242011165334	0.5898517288629702
8	559	R	-0.8242197065001057	0.03560160890124898	-0.19555124095635423	0.10279781425190544
8	507	C	-0.7666693632572507	0.01746166378535089	-0.08126145871104318	0.6466688773468228
8	507	D	-1.618127732276519	1.077933156452144e-5	-0.212973293271864	0.32690134399456516
8	507	H	-1.350315402302084	5.305297984329619e-4	-0.12192075087629783	0.7266073906293251
8	507	K	-1.6036754635071744	2.3609245900365857e-6	-0.09580585497257144	0.6300110014440403
8	507	N	-1.3561454311533503	7.837828243822536e-4	-0.00322387442030736	0.9894087018834586
8	507	P	-1.5690250681785722	1.4768197857032144e-4	-0.03657619156267067	0.6761336323985165
8	507	Q	-2.056999204315366	5.207132974820665e-13	-0.02091860778999943	0.8928609782187724
8	507	S	-0.9993735939883416	0.00169213881771107	-0.06414793990131129	0.775561473429595
8	507	W	-1.1551780726433225	1.5435111836309488e-4	-0.0028503212129346	0.9931730423210852
8	507	Y	-1.05795622841365	2.262039793649611e-4	-0.21280275418785183	0.31813234367382354
8	538	D	-1.339881758503526	7.858625390340339e-6	-0.00284311443734175	0.9945589690438164
8	538	H	-1.1313766649976542	5.940160957420984e-4	-0.0892939674269333	0.7577748074628279
8	538	K	-1.324345622325326	0.0292472023291115	-0.00120436053029726	0.9952889409386892
8	538	Q	-0.9917766788679476	0.0127351603725212	-0.07928475357190445	0.7943114843122677
8	538	R	-1.2708623536764825	9.468861936437873e-5	-0.00358986591812016	0.9802085745126372
8	538	W	-0.6738026795540061	0.02080128637486819	-0.07764913449129929	0.8496854332151046
8	502	G	-1.1178096645302054	0.03757930675692497	-0.04545017434359555	0.657586638710251
8	505	D	-1.2017725981946712	0.00560350018658418	-0.04090739734790061	0.9006053201654763
8	505	E	-1.77398340360622	6.137584465075449e-5	-0.04943614894935322	0.7913285775182393
8	505	H	-0.8438804232848939	0.03157631388775735	-0.0227664910576546	0.9490273260328238
8	505	P	-1.8350937297462455	4.5344922182761184e-10	-0.0728321916717034	0.793117775162573
8	505	R	-1.2951908461148456	4.845621267255275e-5	-0.058780433164907	0.5556633420357929
8	510	C	-0.733749371266575	0.0068381171045221	-0.01071501818227094	0.9203960671157574
8	510	E	-0.9477234479278094	0.03767031147284753	-0.24834743830298445	0.15107549127800798
8	528	M	-0.7396822377834894	0.03600235921545298	-0.0402242396067024	0.8082419981805172
8	536	Y	-0.5572190242961231	0.04788124838808157	-0.01940651239104951	0.8763934248318668
8	499	*	-1.4438701696918732	9.846168670304936e-5	-0.03914340181979503	0.9218923263107568
8	555	K	-2.3300344458029127	7.468796751256793e-9	-0.09607361245925194	0.8012192748511534
8	555	R	-1.8780378807038156	7.758043902776296e-9	-0.00271963189285195	0.9953266570232616
8	558	*	-1.8633953805851111	1.035134229157084e-4	-0.26080708899636396	0.10506797752827496
8	533	D	-1.0020405645531434	0.0014041458732832	-0.19729637048953425	0.22018255184374488
8	547	D	-1.1614851188950712	0.00146238803454856	-0.01143741943542953	0.9603661160165412
8	547	E	-0.9871737862812852	0.00725869574987726	-0.05986785656066229	0.8100804079598664
8	547	K	-1.3371404182316968	0.00109058586753455	-0.04077285804389596	0.8806739137046978
8	547	N	-1.0020729927449932	0.0045602054777152	-0.16713190091109248	0.4700330131073428
8	547	R	-0.9651320055865542	0.00155467536348262	-0.02033779634173738	0.8780360302682758
8	547	S	-0.7322217751405488	0.01245478790759745	-0.08461228623570838	0.8116812004524987
8	547	W	-1.2549017737407169	5.57663544504453e-5	-0.00886840049779047	0.9442470584932618
8	553	*	-1.3762214756658937	8.444103516414329e-4	-0.21334917549848292	0.3687803606068436
8	503	E	-1.0434851458332512	0.01016271850924782	-0.05943183704230481	0.8736974853751766
8	503	Q	-0.7043827262929487	0.02500265223002393	0.00941849258298965	0.9507916183709406
8	556	*	-1.8613571532100013	4.77755411632915e-7	-0.16146968123368088	0.4934353762762297
8	556	I	-0.7451667192645648	0.02794992662844483	-0.09107257110438571	0.6446063370396105
8	556	K	-0.7294332220162982	0.04124548106666143	0.00989416367574358	0.973319325241091
8	556	W	-1.0118267688734175	0.00149591856955918	-0.08824371667578934	0.740944786538274
8	552	*	-1.546513666220959	0.00131801506120201	-0.2417262991620136	0.2075877929351307
9	581	*	-2.5354803335191547	5.0289973373818585e-5	-0.2018321140871182	0.42509527221088583
9	581	C	-1.5418102372839693	1.7200212272249672e-5	-0.1266198904566107	0.6663182640714524
9	581	H	-1.7754191280865572	7.179526672125682e-5	-0.22672564278487323	0.23086287301464517
9	581	L	-1.39338236433354	9.328552563226833e-4	-0.00737211666547721	0.9757180687474266
9	581	S	-1.6217322076642535	1.958133124033845e-5	-0.18677284679895376	0.3180053844062441
9	581	T	-1.3040275935941743	0.02686092442364679	-0.139964716655404	0.5062368389211946
9	581	Y	-1.5219805048797088	5.1739953789862886e-5	0.00617652817331948	0.9802544995937056
9	573	*	-1.3596225350481232	0.00653950052792023	-0.18611113932386908	0.3982186586920912
9	596	*	-2.4327202871425353	2.80780046230948e-9	0.00256174138358589	0.992906083003554
9	596	F	-1.4296115799797535	0.00527489064709036	-0.1431358122602202	0.6193712942241232
9	596	H	-2.1547413167835914	4.8799345713804e-5	0.0067076280464049	0.9804942498635962
9	596	I	-1.3246307926898695	0.01232122917750702	-0.10113930645021264	0.7934891927279446
9	596	K	-2.0908009498211086	4.839797476203366e-6	-0.03920414405689731	0.9096984332371628
9	596	M	-1.8095214801487856	2.657807769035158e-5	-0.0860072161456179	0.7944073093564938
9	596	N	-1.5997350699819233	1.1669543326166878e-4	-0.17594368616303324	0.37515917856852654
9	596	Q	-2.257808240655065	2.1562344451708386e-8	-0.18655646211193871	0.3852318052367046
9	596	R	-1.8890278213622016	2.602826168417491e-5	-0.15568777245597532	0.4024366329245998
9	596	T	-2.265106369800303	1.6904117806900285e-5	-0.22372562263602425	0.25200831380822675
9	596	W	-2.715658796558632	1.3045760304006234e-9	-0.21408392143894855	0.177388910382604
9	596	Y	-1.7480641132227972	1.3060903964593018e-5	-0.03346905269372802	0.8983908548144798
9	594	F	-2.022387032744958	5.189396985019636e-7	-0.05300959343264655	0.7351549742608243
9	594	K	-2.12255133760546	2.078551882682815e-4	-0.0613775226689347	0.8658682612035629
9	594	L	-2.2915896670418263	1.72505343120131e-8	-0.03397566910564886	0.8734648278265827
9	594	R	-1.9539872967290637	6.788258281320591e-6	-0.02277477885279677	0.9200284157650588
9	594	W	-2.2746143856769385	1.8334272056235875e-7	-0.0568983970425343	0.8004051050113961
9	594	Y	-1.9907987351472551	9.883710038095305e-8	-0.02606486542794184	0.9243415746315136
9	572	F	-0.9652308960980404	0.04455623660546098	-0.01933939312314769	0.9490799212129049
9	620	*	-2.413013186248551	5.3819051174098885e-6	-0.04982528102677086	0.8690718404356874
9	627	*	-1.3245162390638228	0.01352718996312953	-0.17539486112885483	0.5248546425370603
9	575	*	-2.068992365010632	7.3910197520999394e-06	-0.207136703576011	0.42460697999192
9	600	*	-1.8493766279257575	6.795362230812974e-5	-0.20674519206069025	0.10984623933520074
9	593	*	-1.8801407699446255	4.6795880239275455e-6	-0.22033648491730107	0.22962009033990097
9	574	*	-1.5069812769563249	8.07199887289577e-4	-0.16675284259769052	0.3473393313662453
9	618	*	-1.3885024451481998	0.00619737246117733	-0.21637304406061425	0.3166522013906068
9	608	N	-1.0512230912243083	0.02267609831807591	-0.2117314767384229	0.3744641717182371
9	630	*	-1.5137660670695603	0.00107014190387596	-0.10824358548296333	0.7345675442898972
9	579	A	-1.906870665084696	7.388010992605032e-7	-0.0661189309239203	0.8323668504582917
9	579	D	-2.683543779646292	4.285264821150267e-10	-0.18070455886893935	0.50416852661090406
9	579	G	-1.4141513600803204	0.00654775711280856	-0.08207725636536245	0.8330705768788889
9	579	H	-1.6048947440319448	4.228602162395824e-4	-0.03462286997567276	0.918235175205414
9	579	K	-2.5837358425304715	5.287790440351053e-5	-0.13080170936954372	0.6642018079971015
9	579	N	-1.4964112471227575	7.547185282692316e-4	-0.02769918074019051	0.9306211833140888
9	579	P	-2.132929163122319	5.964210451313079e-7	-0.08046046537658458	0.844094057582505
9	579	Q	-2.14361628433115	3.969733062671997e-10	-0.10888456345564512	0.542641616967567
9	579	R	-2.075384119757614	3.969895575776233e-7	-0.17609845019688614	0.3880325693001705
9	579	S	-2.455344771719904	1.7397739564679495e-8	-0.14964447739307596	0.6299713584085549
9	579	T	-1.4552519171402305	2.9503284223306793e-4	-0.2009872890284397	0.441234307445537
9	579	W	-1.1242075051072715	0.0232249278935346	0.00702667779664822	0.975785082090862
9	579	Y	-1.8365590181418503	7.449459005592317e-6	-0.01973691162089075	0.948182964697172
9	614	*	-2.0198011649481775	1.4968571230919452e-5	-0.18870544699290184	0.4278303328266401
9	590	*	-2.3704439884716693	4.192417860703345e-7	-0.2335932500884949	0.12667901391572217
9	616	*	-2.1476770628901836	2.185762533028697e-7	-0.13383007006458691	0.6482863103226572
9	561	*	-2.4089686501497622	0.03977921759914824	-0.1926137035058492	0.4549266573713684
9	578	*	-1.187089266617697	0.03038355213537033	-0.16893249632045904	0.5476031104629664
9	566	*	-2.006113915245195	5.947452726919486e-4	-0.2246658481026521	0.27257085354003635
9	571	*	-1.9300026946934128	2.1641048207563423e-6	-0.1688925735282648	0.4759216931311593
9	587	*	-2.141069520191728	5.2516348852313295e-8	-0.2406009617639735	0.15629550086653551
9	612	*	-1.6609981792206856	8.974217645425275e-5	-0.1275160525940976	0.7322194639168538
9	626	*	-1.2102356262544578	0.01061316858702669	-0.2456746251835152	0.1767781989383382
9	607	*	-1.901737852546305	1.3850001856776e-4	-0.17498017861379483	0.5183372418654518
9	583	*	-2.223266046947388	1.3078255644612786e-10	-0.14185623197453567	0.6528714824530242
9	583	D	-1.6325281602041353	0.00458612907655917	-0.10953252524792112	0.6884984416488887
9	583	W	-1.5896914466732426	1.8224074381924956e-5	-0.11945855739393384	0.710528820709743
9	606	E	-2.2831742256975125	1.7335840237023277e-8	-0.1895275401879974	0.4868899708549228
9	606	K	-2.157198541900764	4.643627746477676e-7	-0.1537483483365566	0.6100759873019818
9	606	V	-2.5017885260978296	4.354699671633189e-8	-0.2574443437092167	0.12336536111223656
9	589	*	-2.5128084070808487	2.9844856526066116e-10	-0.2095866049336858	0.2898040938286922
9	589	K	-2.4255548119989583	1.3240705280883022e-8	-0.24530920748496	0.18179345411405115
9	622	*	-1.7558985899328652	3.324494315223871e-4	-0.07989194682399048	0.8295629169057308
9	592	P	-1.390657854900029	7.342265721573663e-4	-0.23362925886973213	0.1996587549534331
9	603	*	-2.042124241041803	7.03416758160082e-6	-0.17820438830466329	0.5307408693597432
9	603	E	-1.087983202724343	0.02569564302963516	-0.03245907549855131	0.9153409782718718
9	603	F	-2.4029950710427532	3.8694928586931854e-8	-0.10715193713880657	0.6829682566655492
9	603	H	-1.7357738693716662	6.293729368928231e-4	-0.03867893944489897	0.8747559006691817
9	603	W	-1.9910009118129652	3.629284428136051e-7	-0.08550169921637751	0.8158907682865065
9	603	Y	-1.7773472112273865	1.502386745874788e-5	-0.20708534917219784	0.3595956939098077
9	585	*	-2.5124473431815586	4.080825730654978e-8	-0.2548700853891166	0.15212558270252624
9	604	*	-2.1487792547390314	1.3935964941041377e-7	-0.16575648831181855	0.4810285625991107
9	584	I	-0.8879037464856703	0.02354706089339402	-0.03707043647056229	0.9306211833140888
9	565	*	-2.1898946609583168	3.0716380371155683e-05	-0.1756523732677307	0.5253330163192151
9	565	D	-1.0107391172155595	0.01689798380386355	-0.22460930198636456	0.29752531078861144
9	580	D	-1.5207094899471028	2.8539685300143915e-5	-0.02308849963811821	0.9498053634692788
9	580	P	-2.860217577504527	1.5909119183371485e-8	-0.24508506612240016	0.1275871907010182
9	599	*	-1.69390563248862	2.9521786966815787e-4	-0.23977752209021908	0.1578765114687898
9	567	*	-2.821224403010488	1.166073731380866e-6	-0.12884930656657578	0.6562525262491175
9	598	C	-1.5040067971867337	2.6133736107344213e-5	-0.19143814371793205	0.1877381110784356
9	598	D	-1.1921573011869642	0.00117676652350676	-0.10411745267691108	0.6669364482311456
9	598	E	-1.1474317975089596	0.00338150537296737	-0.1117147703435386	0.7174000553898626
9	598	F	-1.5006748420070757	0.00151049739302379	-0.2630269472273722	0.11590791499272056
9	598	L	-1.6285463945590015	0.00192317955972348	-0.16114757966410798	0.6085803633146472
9	598	T	-1.275754838242916	0.0050437846909628	-0.04862738273554212	0.8552582434601991
9	598	Y	-1.8631374478566844	5.701743637441338e-5	-0.19641717745571105	0.37713009769772887
9	628	*	-1.5450811195426235	3.2101002200426434e-4	-0.1837870715074344	0.43145051194634026
