pos	clone	chunk	aa	log2FC_MutVsWt	std.error_MutVsWt	statistic_MutVsWt	p.value_MutVsWt	log2FC_MutVsStop	std.error_MutVsStop	statistic_MutVsStop	p.value_MutVsStop	fdr_MutVsWt	fdr_MutVsStop
639	c1	10	F	-1.607240967983047	0.2209272745005245	-7.274977576293918	3.4647799972895437e-13	0.834407494517855	0.22377502857825865	3.7287784066846665	1.9241025380734023e-4	5.266465595880106e-12	2.2022860375538943e-4
639	c1	10	Y	-1.6256088052535187	0.24000232982552044	-6.773304269318226	1.2587383305689229e-11	0.8160396572473834	0.24262629931367347	3.363360276918647	7.699980308726317e-4	1.5573227717736443e-10	8.734306021838808e-4
639	c8	10	F	-1.3942061418539957	0.2857879073282301	-4.878464435000522	1.0691493705636903e-6	1.2619094169448037	0.2892271857463424	4.3630387430160935	1.2826821702116575e-5	9.173991373223922e-6	1.4899277610318818e-5
639	c8	10	Y	-1.0425891971716275	0.3019803921843767	-3.4525062691324195	5.554045699742402e-4	1.6135263616271722	0.3052372753507182	5.286138004518706	1.2492566292543472e-7	0.0037401928003328584	1.5104648335529834e-7
640	c1	10	E	-1.6135269796131617	0.25525166608171423	-6.321318110795875	2.5934151670621623e-10	0.8281214828877403	0.2577204218420832	3.2132551893585184	0.0013123962647820786	2.960722894585988e-9	0.0014842576804083032
640	c1	10	Q	-1.5964763874506842	0.29049279671380374	-5.495752065148616	3.890487933081374e-8	0.8451720750502179	0.2926644285518445	2.8878537758492864	0.003878801430067247	3.709210717561453e-7	0.004364471998299017
640	c8	10	E	-1.1499898540244877	0.31269016943194566	-3.677729479355357	2.3531933739169534e-4	1.5061257047743117	0.3158366334975711	4.76868591238291	1.8543150088756732e-6	0.0016515816291870966	2.1863820583374514e-6
640	c8	10	Q	-1.32985029292309	0.3633544408131682	-3.65992580122856	2.5228829120364153e-4	1.3262652658757095	0.3660656862618379	3.6230253630684857	2.911772583586991e-4	0.0017613828204768674	3.3255968537318145e-4
642	c1	10	L	-1.3885198734888329	0.24085168143436256	-5.765041228774794	8.163788164601778e-9	1.0531285890120692	0.24346649717513505	4.3255585521260125	1.5214584712763823e-5	8.163788164601779e-8	1.7665122364012123e-5
642	c8	10	L	-1.0551750604206795	0.2943342867437681	-3.5849546177379574	3.371368239287415e-4	1.60094049837812	0.29767483829283065	5.378151904136526	7.525431167110241e-8	0.002323274486141068	9.144653679540083e-8
648	c1	10	P	-1.6243755428378006	0.30545444768434465	-5.317897824543787	1.0497298566875401e-7	0.8172729196631014	0.30752044225891456	2.657621437000291	0.007869423342288684	9.695421593016864e-7	0.00880633827954897
648	c8	10	P	-1.5715135870684247	0.3668413435858907	-4.283905330044886	1.836410765544045e-5	1.0846019717303748	0.3695270062709919	2.9351088102475087	0.0033343074197589306	1.4367213636315174e-4	0.00375816005786388
652	c1	10	E	-1.3614791132373085	0.21246594873518923	-6.4079873567609305	1.4745313323030876e-10	1.0801693492635933	0.2154255838309703	5.014118240065341	5.327721819270437e-7	1.7127743859939794e-9	6.34650248063563e-7
652	c8	10	E	-1.2426377364073162	0.2593176719578443	-4.7919516129595845	1.6516674233004156e-6	1.4134778223914832	0.26310319646354796	5.372332382846271	7.772466825706204e-8	1.4036534651690432e-5	9.436221705330216e-8
653	c1	10	Q	-1.6452782222748623	0.2861631812706595	-5.749440633729612	8.953918512938012e-9	0.7963702402260396	0.288367420337171	2.761651227086926	0.005750987626465864	8.887098225528027e-8	0.006451972621846984
653	c8	10	Q	-1.5829707881598774	0.35174326850802934	-4.500358442890123	6.783896969277481e-6	1.073144770638922	0.3545433174386619	3.026836828830042	0.0024712731956024747	5.552358750239415e-5	0.002787780619297109
655	c1	10	P	-1.3672765249755727	0.32212806289005086	-4.244512299576498	2.1906935216823864e-5	1.0743719375253293	0.32408778393865284	3.315064592896532	9.162195084722047e-4	1.7008777120211806e-4	0.00103840813486837
655	c8	10	P	-1.4667447773236268	0.3819225882321448	-3.840424270564726	1.2282185736733916e-4	1.1893707814751728	0.3845029263889166	3.0932684769013936	0.001979649528801808	8.806095433884695e-4	0.0022369871480938017
656	c1	10	V	-1.1229066843459206	0.22229455620802396	-5.051435822364902	4.38501271893605e-7	1.3187417781549815	0.22512501530636858	5.857819826731958	4.689830523929572e-9	3.875127519059765e-6	5.940451996977458e-9
656	c8	10	V	-1.091880324127169	0.28043850382908625	-3.8934750728545375	9.881836082108379e-5	1.5642352346716304	0.28394258474134626	5.508984276157625	3.609101395518621e-8	7.162311710737953e-4	4.432229783970237e-8
657	c1	10	H	-0.968714964978479	0.25567801117334343	-3.7888082769922433	1.513716735821604e-4	1.472933497522423	0.2581426896011713	5.705888862466317	1.1573750180460252e-8	0.0010766006730709803	1.4446820966693698e-8
657	c8	10	H	-1.0598103424955676	0.303846220822947	-3.487982636825769	4.866796826103401e-4	1.596305216303232	0.3070833159064283	5.198280510913996	2.0114044074759363e-7	0.0032998774369255354	2.42206234671163e-7
659	c1	10	F	-1.6745784437593647	0.2836890546642124	-5.9028658886451355	3.572406719965775e-9	0.7670700187415372	0.2859123686258516	2.682885047709616	0.007299007409634184	3.6689582529378227e-8	0.008174888298790288
659	c1	10	H	-1.7890390316351918	0.2314764783517584	-7.72881566357907	1.0855172508827892e-14	0.6526094308657101	0.23419599233783323	2.7865952117758943	0.005326496805248437	1.937903280099476e-13	0.005980785775416143
659	c8	10	F	-1.2446313469355592	0.3707831289419781	-3.356763697655524	7.886048014728195e-4	1.4114842118632402	0.3734404446597928	3.7796768723031953	1.5703201272598832e-4	0.005205183056867741	1.7996775262866393e-4
659	c8	10	H	-1.5111098795966595	0.29290175281861053	-5.15910152484634	2.481377362526121e-7	1.14500567920214	0.2962584577761698	3.8648877328161158	1.1114030809111775e-4	2.260432802849138e-6	1.2775852183335057e-4
660	c1	10	D	-1.8242051017638534	0.2081050709083479	-8.765788809477192	1.8547341569103858e-18	0.6174433607370485	0.21112584714984303	2.9245275700365974	0.003449795189355953	5.606355519751848e-17	0.0038866815771651146
660	c1	10	H	-1.2796181203301393	0.2216002629729777	-5.7744431489513985	7.720799186412667e-9	1.1620303421707627	0.2244394781375666	5.17747747327462	2.249060899739419e-7	7.74993427768215e-8	2.702123754881145e-7
660	c8	10	D	-1.442376205426369	0.26159268854534357	-5.5138246158449205	3.5111850503494994e-8	1.2137393533724308	0.26534575877537836	4.574180341054144	4.7808791514558635e-6	3.37175170899988e-7	5.5899510078560866e-6
660	c8	10	H	-1.3387582858312586	0.27440050437720914	-4.8788477589345565	1.0670738711164703e-6	1.317357272967541	0.2779807076078607	4.739024101003076	2.147499639004735e-6	9.173991373223922e-6	2.5264701635349828e-6
667	c1	10	F	-1.4053297581729713	0.24459738815790977	-5.74548145733144	9.165980196910743e-9	1.0363187043279305	0.2471725815915704	4.192692804577938	2.7566262027045596e-5	9.063757369435901e-8	3.1894848626333745e-5
667	c1	10	M	-1.2174833614220353	0.21529420936085544	-5.654974952816342	1.558690012436953e-8	1.2241651010788668	0.2182154884083305	5.6098909844024325	2.0245410681241083e-8	1.5187236018616464e-7	2.5094497862116158e-8
667	c8	10	F	-1.2119801462921274	0.30987926575128516	-3.9111366272078527	9.186278529185189e-5	1.4441354125066723	0.31305398311194793	4.613055544449821	3.967922109548994e-6	6.676366362741148e-4	4.6455426106515505e-6
667	c8	10	M	-1.128665915387885	0.27600399183896884	-4.089310114204404	4.3265808894448093e-5	1.5274496434109142	0.2795636609267123	5.463691662742018	4.663332564547318e-8	3.232782349978425e-4	5.697962619061032e-8
669	c1	10	E	-1.614457161254961	0.2333088513900721	-6.919828166123577	4.521918056082557e-12	0.8271913012459411	0.2360072518672363	3.5049401859535645	4.5670987903156934e-4	5.925271935556454e-11	5.196100420119652e-4
669	c8	10	E	-1.7077428816307427	0.2812709324843448	-6.0715228073764544	1.2670296212682253e-9	0.9483726771680568	0.2847647703988558	3.3303722080498885	8.672996413090495e-4	1.3812699969563439e-8	9.833832250136709e-4
675	c1	10	F	-1.573360172221144	0.22690072550476184	-6.93413460323257	4.08715358681758e-12	0.8682882902797578	0.22967442615919967	3.7805179479490705	1.565024361858125e-4	5.382093337096417e-11	1.7943813804062984e-4
675	c8	10	F	-1.1691791144303383	0.2813942000803589	-4.154951005018763	3.253572531490486e-5	1.4869364443684614	0.28488652624960215	5.219398979457836	1.7950469266558855e-7	2.494093064485502e-4	2.1644718154599524e-7
676	c1	10	S	-1.6024485921460845	0.30013949995617634	-5.339012667043357	9.345411550726779e-8	0.8391998703548174	0.3022418274013608	2.7765841596782215	0.005493341125328843	8.661600949454087e-7	0.006165522106909166
676	c1	10	W	-1.5197562898685417	0.24911710015621796	-6.100569928421304	1.0569093061544562e-9	0.9218921726323603	0.25164604584060823	3.6634478779622226	2.4884287096926805e-4	1.1665472009837567e-8	2.844529595093481e-4
676	c8	10	S	-1.1663977474963898	0.35469658673662036	-3.2884380372188287	0.0010074495799930396	1.4897178113024097	0.3574735034129229	4.167351697621109	3.0815886622903577e-5	0.006616829340201198	3.5623754201183624e-5
676	c8	10	W	-1.541129256461252	0.30486491281666955	-5.055121765973802	4.3011625534164307e-7	1.1149863023375475	0.3080913047562617	3.6190125625896505	2.957292836793801e-4	3.8136974640292355e-6	3.3761368866401336e-4
677	c1	10	K	-1.5409916683912657	0.2735145398078642	-5.634039307284234	1.7603686988210922e-8	0.9006567941096364	0.27581988014513764	3.265380267860702	0.0010931721041220754	1.7089710725781405e-7	0.0012373777859424344
677	c8	10	K	-1.3915032168027162	0.3303421861292225	-4.212308555282101	2.5277392838902953e-5	1.2646123419960833	0.33332206188059926	3.793965316490469	1.4826039270188218e-4	1.9489236217820827e-4	1.7013487687101233e-4
680	c1	10	D	-1.2455549764603342	0.2800293750485931	-4.4479439924622	8.669612664152478e-6	1.1960934860405679	0.28228151495816367	4.237236314314943	2.2628793230339284e-5	7.030844416660242e-5	2.6216284840027217e-5
680	c8	10	D	-1.3594707439386025	0.35121705056933833	-3.870742441845692	1.0850438513339499e-4	1.296644814860197	0.3540212615229844	3.662618480263265	2.496502215674212e-4	7.821725323979151e-4	2.852532600383765e-4
682	c1	10	P	-0.9766225085932021	0.26955602516614763	-3.623078015010929	2.911179698627346e-4	1.4650259539076997	0.2718949309942044	5.388206203590194	7.116437683585275e-8	0.002027156544070351	8.651610712219758e-8
682	c8	10	P	-1.0555215121337627	0.3299251774129422	-3.1992754248416957	0.0013777347861363399	1.600594046665037	0.33290878584180017	4.807905692899457	1.5251968086271717e-6	0.008852112394016096	1.8015202091244566e-6
686	c1	10	S	-1.3620917180435523	0.26732997894176896	-5.095170109373514	3.4842825196053125e-07	1.0795567444573495	0.26968819113557235	4.002981146158735	6.254928857774011e-5	3.1206031993771487e-6	7.215139098733248e-5
686	c8	10	S	-1.142899170190263	0.3380941862327987	-3.380416513294631	7.237605913779639e-4	1.5132163886085366	0.3410063280411649	4.437502369240103	9.100872055967102e-6	0.004825070609186426	1.0594450620950761e-5
688	c1	10	F	-1.2361198458417522	0.2404249275570219	-5.141396353539838	2.7270407748820636e-7	1.20552861665915	0.2430443346136042	4.960118155297545	7.045031527042056e-7	2.4757435021113614e-6	8.365974938362442e-7
688	c8	10	F	-0.9647385092032204	0.29810263607215537	-3.2362629257988402	0.001211057778879158	1.691377049595579	0.30140142440417905	5.611708879409421	2.003382704174328e-8	0.007818965271404273	2.4843813487662994e-8
693	c1	10	F	-0.680064815028572	0.20937039077414674	-3.2481422636411637	0.0011616117575086844	1.76158364747233	0.21237316998596897	8.294756101200138	0	0.0075179739050440396	0
693	c1	10	M	-0.8337081587808366	0.24768133100031725	-3.3660516737927604	7.625242259190223e-4	1.6079403037200652	0.2502247879868401	6.425983279500792	1.310198616266689e-10	0.0050707861023614985	1.8189605006625222e-10
693	c1	10	T	-1.449879518924639	0.28920143905995815	-5.01338971077542	5.347942641468447e-7	0.9917689435762631	0.29138269535324335	3.403664525698553	6.648835811784437e-4	4.679449811284891e-6	7.551623936527158e-4
693	c1	10	V	-1.7681567557915356	0.23681330985787413	-7.466458523183146	8.23819244068677e-14	0.6734917067093664	0.23947222495064405	2.8124000887709424	0.004917329729258846	1.3222177802270703e-12	0.005523689645197859
693	c1	10	W	-1.0821963838969793	0.18886778638357077	-5.729915114794385	1.0048090393782848e-8	1.3594520786039226	0.19219116402790345	7.073436937020421	1.5114576257246881e-12	9.862701272126338e-8	2.403154383997412e-12
693	c8	10	F	-0.8348707267706169	0.2555187794906199	-3.2673556457765756	0.0010855721256579033	1.8212448320281827	0.2593597572332227	7.022079490884449	2.185807090882008e-12	0.007060200132640642	3.4282115930106967e-12
693	c8	10	M	-0.9705426208075609	0.3064174685224882	-3.1673867207617508	0.001538156226275189	1.6855729379912385	0.3096276828958131	5.443870270987424	5.213519571611869e-8	0.009843469354619869	6.36436992220632e-8
693	c8	10	T	-1.283964289597878	0.35637955639324254	-3.6028000668509272	3.1480766539637034e-4	1.3721512692009215	0.35914346049280155	3.820621618219397	1.331157440223052e-4	0.0021750347791021953	1.5288768527605e-4
693	c8	10	V	-1.2182093774276113	0.30451440291964327	-4.000498386111078	6.320921829958344e-5	1.4379061813711882	0.3077444696257059	4.672402994341511	2.9769612852614813e-6	4.6446552673174574e-4	3.4899590210645837e-6
693	c8	10	W	-0.9681429641362455	0.2361810738011464	-4.099155569727731	4.146602556097242e-5	1.6879725946625541	0.24033130595401575	7.0235235811747545	2.16338058578458e-12	3.115808700344255e-4	3.3950397393433525e-12
695	c1	10	Q	-1.5817888376587308	0.2355357325850785	-6.7157064463132725	1.8715723997119413e-11	0.859859624842171	0.23820890856842444	3.6096871020051724	3.065665809935947e-4	2.273234056271125e-10	3.4983573807076873e-4
695	c8	10	Q	-1.3515775701339536	0.2921085851470271	-4.626969691608563	3.7105478927474083e-6	1.3045379886648458	0.2954743009405355	4.415064134215129	1.0098004797010063e-5	3.103791633556008e-5	1.173981326925121e-5
697	c1	10	R	-1.1473780897443762	0.26011275736982054	-4.411079646174633	1.0285647287271597e-5	1.294270372756526	0.2625358058313218	4.929881349548523	8.22795735544446e-7	8.265807185541525e-5	9.757631103647909e-7
697	c8	10	R	-1.1351268853301189	0.32028965364207923	-3.54406354505167	3.9401026868192516e-4	1.5209886734686806	0.3233621796528828	4.703669041015882	2.5552734286282686e-6	0.002701204419314229	3.0008950640844126e-6
