Chromosome	Position	Reference	Alternate	Protein_Consequence	Transcript_Consequence
19	10350765	A	T		c.*69T>A
19	10350766	G	A		c.*68C>T
19	10350771	C	T		c.*63G>A
19	10350771	C	A		c.*63G>T
19	10350784	C	T		c.*50G>A
19	10350784	C	G		c.*50G>C
19	10350786	G	A		c.*48C>T
19	10350800	G	A		c.*34C>T
19	10350810	C	T		c.*24G>A
19	10350812	C	G		c.*22G>C
19	10350814	G	C		c.*20C>G
19	10350815	G	A		c.*19C>T
19	10350816	C	A		c.*18G>T
19	10350819	G	A		c.*15C>T
19	10350826	A	G		c.*8T>C
19	10350827	T	C		c.*7A>G
19	10350829	G	A		c.*5C>T
19	10350832	C	T		c.*2G>A
19	10350835	C	T	p.Ter1188Ter	c.3563G>A
19	10350838	C	T	p.Cys1187Tyr	c.3560G>A
19	10350842	C	T	p.Val1186Met	c.3556G>A
19	10350843	G	A	p.Ser1185Ser	c.3555C>T
19	10350845	T	A	p.Ser1185Cys	c.3553A>T
19	10350846	G	A	p.Phe1184Phe	c.3552C>T
19	10350852	T	C	p.Ser1182Ser	c.3546A>G
19	10350855	A	C	p.Pro1181Pro	c.3543T>G
19	10350873	C	T	p.Lys1175Lys	c.3525G>A
19	10350888	C	T	p.Lys1170Lys	c.3510G>A
19	10350890	T	C	p.Lys1170Glu	c.3508A>G
19	10350896	T	C	p.Ile1168Val	c.3502A>G
19	10350908	T	C	p.Asn1164Asp	c.3490A>G
19	10350909	C	T	p.Glu1163Glu	c.3489G>A
19	10350910	T	C	p.Glu1163Gly	c.3488A>G
19	10350911	C	T	p.Glu1163Lys	c.3487G>A
19	10350912	G	C	p.Phe1162Leu	c.3486C>G
19	10350912	G	A	p.Phe1162Phe	c.3486C>T
19	10350917	T	C	p.Thr1161Ala	c.3481A>G
19	10350921	G	T	p.Arg1159Arg	c.3477C>A
19	10350923	G	A	p.Arg1159Cys	c.3475C>T
19	10350930	C	T	p.Ala1156Ala	c.3468G>A
19	10350931	G	A	p.Ala1156Val	c.3467C>T
19	10350934	T	A	p.Glu1155Val	c.3464A>T
19	10350935	C	T	p.Glu1155Lys	c.3463G>A
19	10350957	G	A	p.Leu1147Leu	c.3441C>T
19	10350967	A	G	p.Val1144Ala	c.3431T>C
19	10350988	C	G		c.3430-20G>C
19	10350990	G	A		c.3430-22C>T
19	10350991	G	T		c.3430-23C>A
19	10350993	G	C		c.3430-25C>G
19	10350996	G	C		c.3430-28C>G
19	10350997	GC	G		c.3430-30del
19	10350998	C	T		c.3430-30G>A
19	10351003	C	T		c.3430-35G>A
19	10351003	C	A		c.3430-35G>T
19	10351010	C	T		c.3429+42G>A
19	10351024	G	A		c.3429+28C>T
19	10351025	G	A		c.3429+27C>T
19	10351026	T	A		c.3429+26A>T
19	10351029	G	A		c.3429+23C>T
19	10351031	G	A		c.3429+21C>T
19	10351031	G	C		c.3429+21C>G
19	10351032	A	G		c.3429+20T>C
19	10351033	A	G		c.3429+19T>C
19	10351041	G	A		c.3429+11C>T
19	10351063	A	T	p.Cys1140Ser	c.3418T>A
19	10351067	G	A	p.Asp1138Asp	c.3414C>T
19	10351069	C	T	p.Asp1138Asn	c.3412G>A
19	10351070	G	A	p.Pro1137Pro	c.3411C>T
19	10351074	C	T	p.Arg1136Gln	c.3407G>A
19	10351075	G	A	p.Arg1136Trp	c.3406C>T
19	10351078	G	A	p.Pro1135Ser	c.3403C>T
19	10351079	C	T	p.Leu1134Leu	c.3402G>A
19	10351092	C	T	p.Arg1130Gln	c.3389G>A
19	10351093	G	A	p.Arg1130Ter	c.3388C>T
19	10351093	G	C	p.Arg1130Gly	c.3388C>G
19	10351096	C	G	p.Glu1129Gln	c.3385G>C
19	10351105	C	T	p.Glu1126Lys	c.3376G>A
19	10351132	C	A	p.Gly1117Cys	c.3349G>T
19	10351143	C	T	p.Gly1113Asp	c.3338G>A
19	10351151	C	T	p.Glu1110Glu	c.3330G>A
19	10351155	A	C	p.Leu1109Arg	c.3326T>G
19	10351170	A	G		c.3319-8T>C
19	10351192	A	G		c.3319-30T>C
19	10351196	G	C		c.3319-34C>G
19	10351200	A	G		c.3319-38T>C
19	10351201	T	C		c.3319-39A>G
19	10351203	A	G		c.3319-41T>C
19	10351206	G	C		c.3319-44C>G
19	10351215	G	T		c.3319-53C>A
19	10351215	G	A		c.3319-53C>T
19	10351216	G	C		c.3319-54C>G
19	10351218	G	A		c.3319-56C>T
19	10351220	C	A		c.3319-58G>T
19	10351222	C	T		c.3319-60G>A
19	10351222	CA	C		c.3319-61del
19	10351229	G	A		c.3319-67C>T
19	10351229	G	C		c.3319-67C>G
19	10351231	A	T		c.3319-69T>A
19	10352361	C	T		c.3318+73G>A
19	10352364	G	A		c.3318+70C>T
19	10352367	T	C		c.3318+67A>G
19	10352368	G	A		c.3318+66C>T
19	10352374	G	A		c.3318+60C>T
19	10352381	CCTTT	C		c.3318+49_3318+52del
19	10352387	T	C		c.3318+47A>G
19	10352392	G	C		c.3318+42C>G
19	10352399	C	G		c.3318+35G>C
19	10352399	C	T		c.3318+35G>A
19	10352407	C	A		c.3318+27G>T
19	10352407	C	T		c.3318+27G>A
19	10352408	G	A		c.3318+26C>T
19	10352413	G	T		c.3318+21C>A
19	10352419	G	T		c.3318+15C>A
19	10352423	C	CT		c.3318+10dup
19	10352426	G	C		c.3318+8C>G
19	10352427	C	A		c.3318+7G>T
19	10352429	C	T		c.3318+5G>A
19	10352434	C	A	p.Thr1106Thr	c.3318G>T
19	10352435	G	T	p.Thr1106Lys	c.3317C>A
19	10352437	G	C	p.Pro1105Pro	c.3315C>G
19	10352437	G	T	p.Pro1105Pro	c.3315C>A
19	10352437	G	A	p.Pro1105Pro	c.3315C>T
19	10352442	G	C	p.Pro1104Ala	c.3310C>G
19	10352444	C	G	p.Ser1103Thr	c.3308G>C
19	10352445	T	C	p.Ser1103Gly	c.3307A>G
19	10352452	G	A	p.Ser1100Ser	c.3300C>T
19	10352453	G	C	p.Ser1100Cys	c.3299C>G
19	10352455	G	A	p.Asp1099Asp	c.3297C>T
19	10352463	G	A	p.His1097Tyr	c.3289C>T
19	10352472	G	A	p.Leu1094Leu	c.3280C>T
19	10352473	C	T	p.Glu1093Glu	c.3279G>A
19	10352481	G	A	p.Leu1091Leu	c.3271C>T
19	10352487	C	T	p.Val1089Met	c.3265G>A
19	10352494	G	T	p.Ser1086Ser	c.3258C>A
19	10352497	C	T	p.Trp1085Ter	c.3255G>A
19	10352513	T	C	p.Tyr1080Cys	c.3239A>G
19	10352514	A	G	p.Tyr1080His	c.3238T>C
19	10352521	C	T	p.Lys1077Lys	c.3231G>A
19	10352543	G	A	p.Pro1070Leu	c.3209C>T
19	10352557	G	A		c.3201-6C>T
19	10352559	G	A		c.3201-8C>T
19	10352560	AG	A		c.3201-10del
19	10352560	A	AGG		c.3201-11_3201-10dup
19	10352560	A	AG		c.3201-10dup
19	10352563	G	C		c.3201-12C>G
19	10352566	G	A		c.3201-15C>T
19	10352573	G	A		c.3201-22C>T
19	10352578	C	CG		c.3201-28dup
19	10352579	G	A		c.3201-28C>T
19	10352581	G	C		c.3201-30C>G
19	10352581	G	T		c.3201-30C>A
19	10352584	G	A		c.3201-33C>T
19	10352594	G	A		c.3201-43C>T
19	10352595	G	A		c.3201-44C>T
19	10352596	G	A		c.3201-45C>T
19	10352597	C	G		c.3201-46G>C
19	10352597	C	A		c.3201-46G>T
19	10352608	G	A		c.3201-57C>T
19	10352610	C	CCAGGCTGAAGCCCTCACCT		c.3201-78_3201-60dup
19	10352611	C	T		c.3201-60G>A
19	10352613	G	A		c.3201-62C>T
19	10352623	C	T		c.3201-72G>A
19	10352870	C	T		c.3200+56G>A
19	10352872	C	T		c.3200+54G>A
19	10352884	A	G		c.3200+42T>C
19	10352886	T	G		c.3200+40A>C
19	10352897	C	A		c.3200+29G>T
19	10352898	C	G		c.3200+28G>C
19	10352901	C	T		c.3200+25G>A
19	10352903	C	G		c.3200+23G>C
19	10352907	C	T		c.3200+19G>A
19	10352912	C	T		c.3200+14G>A
19	10352918	C	T		c.3200+8G>A
19	10352921	G	C		c.3200+5C>G
19	10352923	C	T		c.3200+3G>A
19	10352929	A	G	p.Phe1066Ser	c.3197T>C
19	10352935	G	C	p.Pro1064Arg	c.3191C>G
19	10352970	G	A	p.His1052His	c.3156C>T
19	10352979	G	C	p.Pro1049Pro	c.3147C>G
19	10352980	G	A	p.Pro1049Leu	c.3146C>T
19	10352982	C	T	p.Val1048Val	c.3144G>A
19	10352984	C	T	p.Val1048Met	c.3142G>A
19	10352986	G	T	p.Ala1047Asp	c.3140C>A
19	10352994	T	G	p.Leu1044Leu	c.3132A>C
19	10353003	G	A	p.Asp1041Asp	c.3123C>T
19	10353021	C	A	p.Arg1035Ser	c.3105G>T
19	10353029	T	C	p.Asn1033Asp	c.3097A>G
19	10353030	G	A	p.Asp1032Asp	c.3096C>T
19	10353050	C	T	p.Ala1026Thr	c.3076G>A
19	10353056	G	A	p.Leu1024Leu	c.3070C>T
19	10353102	G	A		c.3028-4C>T
19	10353104	G	A		c.3028-6C>T
19	10353106	C	T		c.3028-8G>A
19	10353113	G	A		c.3028-15C>T
19	10353114	G	A		c.3028-16C>T
19	10353119	G	GT		c.3028-22dup
19	10353122	A	C		c.3028-24T>G
19	10353123	G	A		c.3028-25C>T
19	10353130	TGG	T		c.3028-34_3028-33del
19	10353131	G	A		c.3028-33C>T
19	10353135	C	T		c.3028-37G>A
19	10353137	G	C		c.3028-39C>G
19	10353138	G	C		c.3028-40C>G
19	10353138	G	A		c.3028-40C>T
19	10353139	G	A		c.3028-41C>T
19	10353141	T	C		c.3028-43A>G
19	10353150	G	T		c.3028-52C>A
19	10353153	G	A		c.3028-55C>T
19	10353156	G	A		c.3028-58C>T
19	10353158	C	T		c.3028-60G>A
19	10353164	C	T		c.3028-66G>A
19	10353166	G	A		c.3028-68C>T
19	10353461	T	C		c.3027+67A>G
19	10353462	C	G		c.3027+66G>C
19	10353464	C	A		c.3027+64G>T
19	10353464	C	T		c.3027+64G>A
19	10353470	C	T		c.3027+58G>A
19	10353474	C	T		c.3027+54G>A
19	10353481	T	A		c.3027+47A>T
19	10353483	A	T		c.3027+45T>A
19	10353485	G	A		c.3027+43C>T
19	10353487	G	A		c.3027+41C>T
19	10353488	G	A		c.3027+40C>T
19	10353488	G	T		c.3027+40C>A
19	10353490	AG	A		c.3027+37del
19	10353491	G	C		c.3027+37C>G
19	10353492	G	A		c.3027+36C>T
19	10353507	G	A		c.3027+21C>T
19	10353512	G	C		c.3027+16C>G
19	10353512	G	A		c.3027+16C>T
19	10353514	C	A		c.3027+14G>T
19	10353516	G	A		c.3027+12C>T
19	10353534	G	C	p.Ile1007Met	c.3021C>G
19	10353541	T	A	p.Gln1005Leu	c.3014A>T
19	10353541	T	C	p.Gln1005Arg	c.3014A>G
19	10353544	G	C	p.Ala1004Gly	c.3011C>G
19	10353551	G	A	p.Leu1002Phe	c.3004C>T
19	10353569	C	T	p.Gly996Arg	c.2986G>A
19	10353570	G	A	p.Ile995Ile	c.2985C>T
19	10353574	C	T	p.Ser994Asn	c.2981G>A
19	10353576	G	A	p.His993His	c.2979C>T
19	10353576	G	C	p.His993Gln	c.2979C>G
19	10353578	G	A	p.His993Tyr	c.2977C>T
19	10353581	G	A	p.Arg992Trp	c.2974C>T
19	10353585	C	T	p.Leu990Leu	c.2970G>A
19	10353589	T	C	p.Tyr989Cys	c.2966A>G
19	10353609	G	T	p.Pro982Pro	c.2946C>A
19	10353612	C	A	p.Val981Val	c.2943G>T
19	10353618	C	T	p.Glu979Glu	c.2937G>A
19	10353619	T	C	p.Glu979Gly	c.2936A>G
19	10353620	C	T	p.Glu979Lys	c.2935G>A
19	10353641	T	G	p.Lys972Gln	c.2914A>C
19	10353651	C	T		c.2909-5G>A
19	10353654	G	A		c.2909-8C>T
19	10353658	A	G		c.2909-12T>C
19	10353659	G	C		c.2909-13C>G
19	10353661	G	A		c.2909-15C>T
19	10353671	G	C		c.2909-25C>G
19	10353673	G	T		c.2909-27C>A
19	10353673	G	A		c.2909-27C>T
19	10353682	T	C		c.2909-36A>G
19	10353691	G	A		c.2909-45C>T
19	10353692	G	T		c.2909-46C>A
19	10353693	C	G		c.2909-47G>C
19	10353695	G	A		c.2909-49C>T
19	10353700	C	T		c.2909-54G>A
19	10353702	G	A		c.2909-56C>T
19	10353703	C	T		c.2909-57G>A
19	10353967	G	GC		c.2908+74dup
19	10353972	GCCCACAAGGCCACA	G		c.2908+56_2908+69del
19	10353974	C	G		c.2908+68G>C
19	10353975	C	T		c.2908+67G>A
19	10353977	C	T		c.2908+65G>A
19	10353979	A	G		c.2908+63T>C
19	10353980	G	T		c.2908+62C>A
19	10353984	A	T		c.2908+58T>A
19	10353985	C	A		c.2908+57G>T
19	10353986	A	G		c.2908+56T>C
19	10353987	C	G		c.2908+55G>C
19	10353990	ACG	A		c.2908+50_2908+51del
19	10353992	G	A		c.2908+50C>T
19	10353992	G	T		c.2908+50C>A
19	10353993	C	A		c.2908+49G>T
19	10353998	AC	A		c.2908+43del
19	10353998	A	G		c.2908+44T>C
19	10354002	C	T		c.2908+40G>A
19	10354003	G	A		c.2908+39C>T
19	10354003	GC	G		c.2908+38del
19	10354003	G	GC		c.2908+38dup
19	10354003	G	C		c.2908+39C>G
19	10354008	C	G		c.2908+34G>C
19	10354009	T	C		c.2908+33A>G
19	10354010	C	T		c.2908+32G>A
19	10354011	A	C		c.2908+31T>G
19	10354011	A	G		c.2908+31T>C
19	10354013	G	A		c.2908+29C>T
19	10354013	G	C		c.2908+29C>G
19	10354014	T	A		c.2908+28A>T
19	10354018	T	C		c.2908+24A>G
19	10354020	G	A		c.2908+22C>T
19	10354021	G	A		c.2908+21C>T
19	10354022	A	T		c.2908+20T>A
19	10354031	G	C		c.2908+11C>G
19	10354035	C	G		c.2908+7G>C
19	10354039	C	T		c.2908+3G>A
19	10354048	C	A	p.Asp968Tyr	c.2902G>T
19	10354053	C	T	p.Cys966Tyr	c.2897G>A
19	10354054	A	C	p.Cys966Gly	c.2896T>G
19	10354054	AG	A	p.Cys966AlafsTer59	c.2895del
19	10354056	C	CTTG	p.Cys965delinsSerSer	c.2893_2894insCAA
19	10354057	A	ATGATGT	p.Gly964_Cys965insThrSer	c.2892_2893insACATCA
19	10354059	C	G	p.Gly964Ala	c.2891G>C
19	10354064	G	A	p.Tyr962Tyr	c.2886C>T
19	10354083	T	C	p.His956Arg	c.2867A>G
19	10354091	C	A	p.Thr953Thr	c.2859G>T
19	10354107	A	G	p.Ile948Thr	c.2843T>C
19	10354119	C	A	p.Trp944Leu	c.2831G>T
19	10354121	G	A	p.Gly943Gly	c.2829C>T
19	10354128	C	A	p.Arg941Leu	c.2822G>T
19	10354130	G	A	p.His940His	c.2820C>T
19	10354136	G	C	p.Pro938Pro	c.2814C>G
19	10354142	G	A	p.Cys936Cys	c.2808C>T
19	10354144	A	G	p.Cys936Arg	c.2806T>C
19	10354145	G	A	p.Asp935Asp	c.2805C>T
19	10354152	T	C	p.Lys933Arg	c.2798A>G
19	10354156	G	C	p.Leu932Val	c.2794C>G
19	10354167	G	A	p.Ala928Val	c.2783C>T
19	10354177	C	T	p.Glu925Lys	c.2773G>A
19	10354178	G	A	p.Gly924Gly	c.2772C>T
19	10354186	C	T	p.Gly922Ser	c.2764G>A
19	10354186	C	G	p.Gly922Arg	c.2764G>C
19	10354187	G	A	p.Asp921Asp	c.2763C>T
19	10354191	T	C	p.Asn920Ser	c.2759A>G
19	10354191	T	TTGGTCGGATCGTAGCAGTAC	p.Asn920SerfsTer17	c.2739_2758dup
19	10354210	A	G	p.Tyr914His	c.2740T>C
19	10354214	G	A	p.Ser912Ser	c.2736C>T
19	10354238	G	C		c.2716-4C>G
19	10354240	C	A		c.2716-6G>T
19	10354244	A	C		c.2716-10T>G
19	10354246	C	T		c.2716-12G>A
19	10354246	C	A		c.2716-12G>T
19	10354250	C	T		c.2716-16G>A
19	10354253	G	A		c.2716-19C>T
19	10354255	G	T		c.2716-21C>A
19	10354258	A	T		c.2716-24T>A
19	10354265	C	T		c.2716-31G>A
19	10354273	A	G		c.2716-39T>C
19	10354276	C	A		c.2716-42G>T
19	10354285	C	A		c.2716-51G>T
19	10354289	C	G		c.2716-55G>C
19	10354293	C	A		c.2716-59G>T
19	10354295	C	A		c.2716-61G>T
19	10354302	T	TC		c.2716-69dup
19	10354304	C	T		c.2716-70G>A
19	10354306	G	A		c.2716-72C>T
19	10354443	A	G		c.2715+69T>C
19	10354451	T	G		c.2715+61A>C
19	10354455	C	T		c.2715+57G>A
19	10354456	C	A		c.2715+56G>T
19	10354461	A	G		c.2715+51T>C
19	10354472	G	C		c.2715+40C>G
19	10354472	G	A		c.2715+40C>T
19	10354473	AC	A		c.2715+38del
19	10354485	T	C		c.2715+27A>G
19	10354497	AGGCCC	A		c.2715+10_2715+14del
19	10354500	C	G		c.2715+12G>C
19	10354501	C	G		c.2715+11G>C
19	10354503	G	C		c.2715+9C>G
19	10354515	G	A	p.Gly904Gly	c.2712C>T
19	10354520	G	T	p.Leu903Met	c.2707C>A
19	10354521	A	G	p.Asp902Asp	c.2706T>C
19	10354522	T	C	p.Asp902Gly	c.2705A>G
19	10354533	T	C	p.Lys898Lys	c.2694A>G
19	10354540	T	C	p.Tyr896Cys	c.2687A>G
19	10354543	CG	C	p.Arg895AlafsTer3	c.2683del
19	10354545	CTTGTGGAAAACCG	C	p.Thr890SerfsTer4	c.2669_2681del
19	10354546	T	C	p.Lys894Arg	c.2681A>G
19	10354549	T	C	p.His893Arg	c.2678A>G
19	10354550	G	A	p.His893Tyr	c.2677C>T
19	10354557	C	G	p.Thr890Thr	c.2670G>C
19	10354558	G	A	p.Thr890Met	c.2669C>T
19	10354560	A	G	p.Pro889Pro	c.2667T>C
19	10354563	G	C	p.Asp888Glu	c.2664C>G
19	10354563	G	T	p.Asp888Glu	c.2664C>A
19	10354567	G	A	p.Ser887Leu	c.2660C>T
19	10354567	G	C	p.Ser887Trp	c.2660C>G
19	10354569	C	T	p.Ala886Ala	c.2658G>A
19	10354570	G	A	p.Ala886Val	c.2657C>T
19	10354573	G	A	p.Pro885Leu	c.2654C>T
19	10354573	G	T	p.Pro885Gln	c.2654C>A
19	10354574	G	T	p.Pro885Thr	c.2653C>A
19	10354581	C	T	p.Pro882Pro	c.2646G>A
19	10354581	C	G	p.Pro882Pro	c.2646G>C
19	10354582	G	A	p.Pro882Leu	c.2645C>T
19	10354591	G	A	p.Thr879Ile	c.2636C>T
19	10354598	C	T	p.Val877Ile	c.2629G>A
19	10354599	G	C	p.Asp876Glu	c.2628C>G
19	10354610	C	A		c.2618-1G>T
19	10354618	G	C		c.2618-9C>G
19	10354623	G	A		c.2618-14C>T
19	10354623	G	C		c.2618-14C>G
19	10354628	G	T		c.2618-19C>A
19	10354632	A	G		c.2618-23T>C
19	10354635	C	T		c.2618-26G>A
19	10354639	A	C		c.2618-30T>G
19	10354640	C	A		c.2618-31G>T
19	10354641	C	T		c.2618-32G>A
19	10354647	C	G		c.2618-38G>C
19	10354655	C	A		c.2618-46G>T
19	10354660	G	C		c.2618-51C>G
19	10354661	GC	G		c.2618-53del
19	10354663	C	A		c.2618-54G>T
19	10354665	A	C		c.2618-56T>G
19	10354668	C	T		c.2618-59G>A
19	10354668	C	A		c.2618-59G>T
19	10354671	G	C		c.2618-62C>G
19	10354672	G	A		c.2618-63C>T
19	10354673	G	C		c.2618-64C>G
19	10354674	A	T		c.2618-65T>A
19	10356495	C	T		c.2617+73G>A
19	10356496	G	A		c.2617+72C>T
19	10356497	C	T		c.2617+71G>A
19	10356499	A	C		c.2617+69T>G
19	10356501	A	G		c.2617+67T>C
19	10356510	G	T		c.2617+58C>A
19	10356510	G	A		c.2617+58C>T
19	10356514	G	T		c.2617+54C>A
19	10356521	A	G		c.2617+47T>C
19	10356523	C	T		c.2617+45G>A
19	10356525	C	A		c.2617+43G>T
19	10356526	C	G		c.2617+42G>C
19	10356527	G	A		c.2617+41C>T
19	10356529	C	T		c.2617+39G>A
19	10356534	T	G		c.2617+34A>C
19	10356534	T	C		c.2617+34A>G
19	10356545	C	T		c.2617+23G>A
19	10356554	G	T		c.2617+14C>A
19	10356555	G	A		c.2617+13C>T
19	10356557	A	T		c.2617+11T>A
19	10356574	G	A	p.Pro871Ser	c.2611C>T
19	10356582	C	T	p.Arg868Gln	c.2603G>A
19	10356583	G	A	p.Arg868Trp	c.2602C>T
19	10356595	G	A	p.Arg864Cys	c.2590C>T
19	10356597	A	T	p.Leu863Gln	c.2588T>A
19	10356605	G	A	p.Arg860Arg	c.2580C>T
19	10356606	C	T	p.Arg860His	c.2579G>A
19	10356606	C	A	p.Arg860Leu	c.2579G>T
19	10356607	G	A	p.Arg860Cys	c.2578C>T
19	10356614	T	C	p.Pro857Pro	c.2571A>G
19	10356625	T	A	p.Thr854Ser	c.2560A>T
19	10356627	G	C	p.Pro853Arg	c.2558C>G
19	10356628	G	T	p.Pro853Thr	c.2557C>A
19	10356636	G	A	p.Thr850Ile	c.2549C>T
19	10356640	G	A	p.Leu849Leu	c.2545C>T
19	10356652	TGA	T	p.Leu844HisfsTer8	c.2531_2532del
19	10356657	G	A	p.Thr843Ile	c.2528C>T
19	10356658	T	G	p.Thr843Pro	c.2527A>C
19	10356662	C	G	p.Leu841Leu	c.2523G>C
19	10356670	G	C	p.Pro839Ala	c.2515C>G
19	10356679	G	A	p.Pro836Ser	c.2506C>T
19	10356682	C	T	p.Glu835Lys	c.2503G>A
19	10356683	G	C	p.Pro834Pro	c.2502C>G
19	10356683	G	A	p.Pro834Pro	c.2502C>T
19	10356690	C	T	p.Arg832Gln	c.2495G>A
19	10356691	G	A	p.Arg832Trp	c.2494C>T
19	10356694	G	A	p.His831Tyr	c.2491C>T
19	10356696	TG	T	p.Gln830SerfsTer20	c.2488del
19	10356705	T	C	p.Tyr827Cys	c.2480A>G
19	10356717	T	C	p.Lys823Arg	c.2468A>G
19	10356729	A	G		c.2467-11T>C
19	10356732	G	A		c.2467-14C>T
19	10356734	C	A		c.2467-16G>T
19	10356747	A	G		c.2467-29T>C
19	10356759	C	T		c.2467-41G>A
19	10356760	G	A		c.2467-42C>T
19	10356761	C	T		c.2467-43G>A
19	10356763	CCCAACCCGTTCCCCAAGAGGCAGAGTCAAGTCCCCAGAGTGGACCGCCAGGTGCCCGCTCTTATCAGTT	C		c.2467-114_2467-46del
19	10356765	CA	C		c.2467-48del
19	10356767	A	G		c.2467-49T>C
19	10356768	C	T		c.2467-50G>A
19	10356771	G	A		c.2467-53C>T
19	10356784	CAG	C		c.2467-68_2467-67del
19	10356788	G	A		c.2467-70C>T
19	10356790	C	G		c.2467-72G>C
19	10356793	G	A		c.2467-75C>T
19	10357706	C	G		c.2466+58G>C
19	10357709	G	C		c.2466+55C>G
19	10357710	A	G		c.2466+54T>C
19	10357714	C	G		c.2466+50G>C
19	10357715	T	C		c.2466+49A>G
19	10357716	T	TGGAGGGGCCCCCACTGCGG		c.2466+29_2466+47dup
19	10357720	G	C		c.2466+44C>G
19	10357724	C	T		c.2466+40G>A
19	10357728	C	T		c.2466+36G>A
19	10357733	C	T		c.2466+31G>A
19	10357734	G	T		c.2466+30C>A
19	10357734	G	A		c.2466+30C>T
19	10357737	G	C		c.2466+27C>G
19	10357740	G	A		c.2466+24C>T
19	10357741	G	T		c.2466+23C>A
19	10357742	C	A		c.2466+22G>T
19	10357746	A	G		c.2466+18T>C
19	10357746	A	AG		c.2466+17dup
19	10357747	G	A		c.2466+17C>T
19	10357749	G	C		c.2466+15C>G
19	10357750	T	A		c.2466+14A>T
19	10357757	G	A		c.2466+7C>T
19	10357760	A	G		c.2466+4T>C
19	10357765	T	C	p.Glu822Gly	c.2465A>G
19	10357766	C	T	p.Glu822Lys	c.2464G>A
19	10357771	G	T	p.Pro820His	c.2459C>A
19	10357774	C	T	p.Ser819Asn	c.2456G>A
19	10357777	C	T	p.Arg818His	c.2453G>A
19	10357778	G	A	p.Arg818Cys	c.2452C>T
19	10357782	C	G	p.Gln816His	c.2448G>C
19	10357785	C	T	p.Leu815Leu	c.2445G>A
19	10357789	G	A	p.Pro814Leu	c.2441C>T
19	10357793	C	T	p.Ala813Thr	c.2437G>A
19	10357794	C	T	p.Glu812Glu	c.2436G>A
19	10357795	T	C	p.Glu812Gly	c.2435A>G
19	10357799	C	T	p.Gly811Arg	c.2431G>A
19	10357800	G	A	p.Asp810Asp	c.2430C>T
19	10357801	T	A	p.Asp810Val	c.2429A>T
19	10357809	G	C	p.Ile807Met	c.2421C>G
19	10357809	G	T	p.Ile807Ile	c.2421C>A
19	10357811	T	A	p.Ile807Phe	c.2419A>T
19	10357826	C	T	p.Ala802Thr	c.2404G>A
19	10357827	G	A	p.Gly801Gly	c.2403C>T
19	10357835	C	T	p.Gly799Arg	c.2395G>A
19	10357839	C	T	p.Lys797Lys	c.2391G>A
19	10357843	T	G	p.Asp796Ala	c.2387A>C
19	10357851	G	A	p.Thr793Thr	c.2379C>T
19	10357853	TGCTTAG	T	p.Leu791_Ser792del	c.2371_2376del
19	10357855	C	A	p.Ser792Ile	c.2375G>T
19	10357859	G	C	p.Leu791Val	c.2371C>G
19	10357867	G	T	p.Ala788Asp	c.2363C>A
19	10357870	C	T	p.Gly787Glu	c.2360G>A
19	10357871	C	T	p.Gly787Arg	c.2359G>A
19	10357873	C	T	p.Gly786Asp	c.2357G>A
19	10357877	G	A	p.Pro785Ser	c.2353C>T
19	10357879	A	G	p.Leu784Pro	c.2351T>C
19	10357880	G	C	p.Leu784Val	c.2350C>G
19	10357880	G	A	p.Leu784Leu	c.2350C>T
19	10357884	T	C	p.Glu782Glu	c.2346A>G
19	10357887	G	A	p.Pro781Pro	c.2343C>T
19	10357911	C	T	p.Val773Val	c.2319G>A
19	10357914	C	A	p.Arg772Arg	c.2316G>T
19	10357914	C	T	p.Arg772Arg	c.2316G>A
19	10357915	C	T	p.Arg772Gln	c.2315G>A
19	10357916	G	A	p.Arg772Trp	c.2314C>T
19	10357925	G	A		c.2312-7C>T
19	10357927	C	A		c.2312-9G>T
19	10357938	G	A		c.2312-20C>T
19	10357939	G	A		c.2312-21C>T
19	10357940	T	C		c.2312-22A>G
19	10357948	G	A		c.2312-30C>T
19	10357949	G	A		c.2312-31C>T
19	10357958	G	A		c.2312-40C>T
19	10357959	C	T		c.2312-41G>A
19	10357971	C	T		c.2311+32G>A
19	10357976	T	C		c.2311+27A>G
19	10357980	C	G		c.2311+23G>C
19	10357987	C	G		c.2311+16G>C
19	10357988	C	T		c.2311+15G>A
19	10357992	C	G		c.2311+11G>C
19	10358000	C	T		c.2311+3G>A
19	10358007	C	T	p.Arg769Arg	c.2307G>A
19	10358008	C	T	p.Arg769Lys	c.2306G>A
19	10358010	G	C	p.Ser768Ser	c.2304C>G
19	10358018	C	T	p.Ala766Thr	c.2296G>A
19	10358023	A	T	p.Leu764Gln	c.2291T>A
19	10358028	C	T	p.Val762Val	c.2286G>A
19	10358030	C	T	p.Val762Met	c.2284G>A
19	10358031	G	A	p.Gly761Gly	c.2283C>T
19	10358032	C	A	p.Gly761Val	c.2282G>T
19	10358032	C	G	p.Gly761Ala	c.2282G>C
19	10358036	G	T	p.Pro760Thr	c.2278C>A
19	10358036	G	C	p.Pro760Ala	c.2278C>G
19	10358049	G	T	p.Ile755Ile	c.2265C>A
19	10358051	T	C	p.Ile755Val	c.2263A>G
19	10358060	T	C	p.Ser752Gly	c.2254A>G
19	10358061	G	A	p.Thr751Thr	c.2253C>T
19	10358064	G	A	p.Gly750Gly	c.2250C>T
19	10358065	C	G	p.Gly750Ala	c.2249G>C
19	10358082	C	T	p.Arg744Arg	c.2232G>A
19	10358083	C	T	p.Arg744Gln	c.2231G>A
19	10358084	G	A	p.Arg744Trp	c.2230C>T
19	10358084	G	T	p.Arg744Arg	c.2230C>A
19	10358087	C	T	p.Ala743Thr	c.2227G>A
19	10358093	G	C	p.Leu741Val	c.2221C>G
19	10358101	C	T	p.Arg738Gln	c.2213G>A
19	10358102	G	A	p.Arg738Trp	c.2212C>T
19	10358110	A	G	p.Val735Ala	c.2204T>C
19	10358112	A	G	p.Asn734Asn	c.2202T>C
19	10358117	C	T	p.Gly733Ser	c.2197G>A
19	10358130	C	T	p.Lys728Lys	c.2184G>A
19	10358146	G	A		c.2176-8C>T
19	10358147	G	A		c.2176-9C>T
19	10358148	G	T		c.2176-10C>A
19	10358148	G	C		c.2176-10C>G
19	10358151	G	A		c.2176-13C>T
19	10358156	G	C		c.2176-18C>G
19	10358163	T	G		c.2176-25A>C
19	10358167	C	G		c.2176-29G>C
19	10358182	C	A		c.2176-44G>T
19	10358186	C	T		c.2176-48G>A
19	10358188	C	T		c.2176-50G>A
19	10358192	C	G		c.2176-54G>C
19	10358201	T	C		c.2176-63A>G
19	10358206	C	T		c.2176-68G>A
19	10359102	C	T		c.2175+73G>A
19	10359115	C	T		c.2175+60G>A
19	10359116	G	A		c.2175+59C>T
19	10359119	C	A		c.2175+56G>T
19	10359124	G	A		c.2175+51C>T
19	10359140	C	T		c.2175+35G>A
19	10359141	T	C		c.2175+34A>G
19	10359145	C	T		c.2175+30G>A
19	10359146	G	A		c.2175+29C>T
19	10359150	C	T		c.2175+25G>A
19	10359156	C	T		c.2175+19G>A
19	10359156	CCACACACAGGCCA	C		c.2175+6_2175+18del
19	10359179	T	G	p.Tyr724Ser	c.2171A>C
19	10359179	T	C	p.Tyr724Cys	c.2171A>G
19	10359189	C	T	p.Ala721Thr	c.2161G>A
19	10359190	G	A	p.Ser720Ser	c.2160C>T
19	10359199	C	T	p.Gln717Gln	c.2151G>A
19	10359209	A	G	p.Val714Ala	c.2141T>C
19	10359212	A	C	p.Val713Gly	c.2138T>G
19	10359213	C	T	p.Val713Met	c.2137G>A
19	10359214	C	T	p.Met712Ile	c.2136G>A
19	10359215	A	G	p.Met712Thr	c.2135T>C
19	10359227	A	G	p.Met708Thr	c.2123T>C
19	10359242	C	T	p.Arg703Gln	c.2108G>A
19	10359243	G	A	p.Arg703Trp	c.2107C>T
19	10359248	C	G	p.Arg701Thr	c.2102G>C
19	10359251	C	T	p.Arg700Gln	c.2099G>A
19	10359252	G	A	p.Arg700Trp	c.2098C>T
19	10359274	G	A	p.His692His	c.2076C>T
19	10359279	C	T	p.Glu691Lys	c.2071G>A
19	10359282	C	T	p.Val690Met	c.2068G>A
19	10359283	G	A	p.Tyr689Tyr	c.2067C>T
19	10359283	G	C	p.Tyr689Ter	c.2067C>G
19	10359289	T	C	p.Thr687Thr	c.2061A>G
19	10359291	T	G	p.Thr687Pro	c.2059A>C
19	10359291	T	C	p.Thr687Ala	c.2059A>G
19	10359292	C	A	p.Val686Val	c.2058G>T
19	10359295	CATG	C	p.Ile684del	c.2052_2054del
19	10359298	G	A	p.Ile684Ile	c.2052C>T
19	10359299	A	C	p.Ile684Ser	c.2051T>G
19	10359299	A	G	p.Ile684Thr	c.2051T>C
19	10359310	G	A		c.2048-8C>T
19	10359323	T	TG		c.2048-22dup
19	10359338	G	T		c.2048-36C>A
19	10359357	C	T		c.2048-55G>A
19	10359357	C	A		c.2048-55G>T
19	10359357	C	G		c.2048-55G>C
19	10359358	G	A		c.2048-56C>T
19	10359361	G	T		c.2048-59C>A
19	10359366	G	C		c.2048-64C>G
19	10359368	G	A		c.2048-66C>T
19	10359370	G	C		c.2048-68C>G
19	10359374	C	T		c.2048-72G>A
19	10361437	G	A		c.2047+74C>T
19	10361441	C	CATGT		c.2047+69_2047+70insACAT
19	10361442	A	G		c.2047+69T>C
19	10361442	A	C		c.2047+69T>G
19	10361458	A	G		c.2047+53T>C
19	10361462	G	A		c.2047+49C>T
19	10361480	A	G		c.2047+31T>C
19	10361483	G	A		c.2047+28C>T
19	10361484	G	A		c.2047+27C>T
19	10361486	G	A		c.2047+25C>T
19	10361494	T	C		c.2047+17A>G
19	10361497	C	T		c.2047+14G>A
19	10361500	G	A		c.2047+11C>T
19	10361512	T	C	p.Glu682Glu	c.2046A>G
19	10361517	G	A	p.Pro681Ser	c.2041C>T
19	10361521	G	A	p.Arg679Arg	c.2037C>T
19	10361522	C	T	p.Arg679His	c.2036G>A
19	10361522	C	G	p.Arg679Pro	c.2036G>C
19	10361523	G	A	p.Arg679Cys	c.2035C>T
19	10361524	C	T	p.Val678Val	c.2034G>A
19	10361530	G	A	p.Val676Val	c.2028C>T
19	10361531	A	G	p.Val676Ala	c.2027T>C
19	10361532	C	T	p.Val676Ile	c.2026G>A
19	10361533	G	A	p.Gly675Gly	c.2025C>T
19	10361536	A	G	p.His674His	c.2022T>C
19	10361541	C	A	p.Val673Leu	c.2017G>T
19	10361542	G	C	p.Phe672Leu	c.2016C>G
19	10361542	G	A	p.Phe672Phe	c.2016C>T
19	10361546	G	A	p.Ala671Val	c.2012C>T
19	10361548	C	T	p.Leu670Leu	c.2010G>A
19	10361552	T	G	p.His669Pro	c.2006A>C
19	10361554	C	T	p.Thr668Thr	c.2004G>A
19	10361555	G	A	p.Thr668Met	c.2003C>T
19	10361557	G	T	p.His667Gln	c.2001C>A
19	10361572	C	T	p.Met662Ile	c.1986G>A
19	10361573	A	G	p.Met662Thr	c.1985T>C
19	10361578	G	A	p.Ser660Ser	c.1980C>T
19	10361583	C	A	p.Ala659Ser	c.1975G>T
19	10361590	G	A	p.Tyr656Tyr	c.1968C>T
19	10361591	TAGA	T	p.Phe655del	c.1964_1966del
19	10361606	G	T		c.1960-8C>A
19	10361609	C	T		c.1960-11G>A
19	10361610	G	A		c.1960-12C>T
19	10361613	C	T		c.1960-15G>A
19	10361616	G	T		c.1960-18C>A
19	10361616	G	A		c.1960-18C>T
19	10361627	G	A		c.1960-29C>T
19	10361632	G	A		c.1960-34C>T
19	10361635	G	A		c.1960-37C>T
19	10361635	GACCCCTCCCATCCCACCTCCTCCACGGACAC	G		c.1960-68_1960-38del
19	10361639	C	T		c.1960-41G>A
19	10361639	C	A		c.1960-41G>T
19	10361644	C	T		c.1960-46G>A
19	10361653	T	G		c.1960-55A>C
19	10361660	C	T		c.1960-62G>A
19	10361661	G	GGACACACCCCTCCCATCCCACCTCCTCCACAGACACACCCCTCCCATCCCACCTCCTCCACA		c.1960-64_1960-63insTGTGGAGGAGGTGGGATGGGAGGGGTGTGTCTGTGGAGGAGGTGGGATGGGAGGGGTGTGTC
19	10361661	GGACACACCCCTCCCATCCCACCTCCTCCACA	G		c.1959+78_1960-64del
19	10361661	G	A		c.1960-63C>T
19	10361668	C	T		c.1960-70G>A
19	10361670	C	T		c.1960-72G>A
19	10361698	A	C		c.1959+72T>G
19	10361699	C	G		c.1959+71G>C
19	10361701	C	A		c.1959+69G>T
19	10361709	CCCACCTCCTCCGG	C		c.1959+48_1959+60del
19	10361712	A	C		c.1959+58T>G
19	10361720	C	T		c.1959+50G>A
19	10361720	C	A		c.1959+50G>T
19	10361721	G	A		c.1959+49C>T
19	10361724	C	T		c.1959+46G>A
19	10361727	C	A		c.1959+43G>T
19	10361728	T	C		c.1959+42A>G
19	10361735	C	T		c.1959+35G>A
19	10361739	C	G		c.1959+31G>C
19	10361740	A	C		c.1959+30T>G
19	10361741	C	T		c.1959+29G>A
19	10361743	C	A		c.1959+27G>T
19	10361745	C	T		c.1959+25G>A
19	10361760	G	A		c.1959+10C>T
19	10361761	C	T		c.1959+9G>A
19	10361762	C	T		c.1959+8G>A
19	10361770	C	T	p.Leu653Leu	c.1959G>A
19	10361775	C	T	p.Ala652Thr	c.1954G>A
19	10361776	G	A	p.Ile651Ile	c.1953C>T
19	10361792	G	A	p.Pro646Leu	c.1937C>T
19	10361799	G	A	p.Leu644Leu	c.1930C>T
19	10361801	A	G	p.Val643Ala	c.1928T>C
19	10361816	C	T	p.Arg638Gln	c.1913G>A
19	10361817	G	A	p.Arg638Ter	c.1912C>T
19	10361827	C	T	p.Gly634Gly	c.1902G>A
19	10361828	C	G	p.Gly634Ala	c.1901G>C
19	10361828	C	T	p.Gly634Glu	c.1901G>A
19	10361831	C	T	p.Arg633His	c.1898G>A
19	10361831	C	A	p.Arg633Leu	c.1898G>T
19	10361832	G	A	p.Arg633Cys	c.1897C>T
19	10361833	G	A	p.Asp632Asp	c.1896C>T
19	10361842	A	T	p.Pro629Pro	c.1887T>A
19	10361847	C	T	p.Val628Met	c.1882G>A
19	10361848	G	A	p.Leu627Leu	c.1881C>T
19	10361859	C	T	p.Glu624Lys	c.1870G>A
19	10361860	G	A	p.Asp623Asp	c.1869C>T
19	10361873	C	T	p.Gly619Asp	c.1856G>A
19	10361878	C	G	p.Glu617Asp	c.1851G>C
19	10361881	A	T	p.Pro616Pro	c.1848T>A
19	10361881	A	G	p.Pro616Pro	c.1848T>C
19	10361881	A	C	p.Pro616Pro	c.1848T>G
19	10361883	G	A	p.Pro616Ser	c.1846C>T
19	10361889	C	T	p.Gly614Arg	c.1840G>A
19	10361890	G	A	p.Ser613Ser	c.1839C>T
19	10361896	C	T	p.Glu611Glu	c.1833G>A
19	10361901	C	G	p.Val610Leu	c.1828G>C
19	10361903	C	A	p.Arg609Leu	c.1826G>T
19	10361903	C	T	p.Arg609Gln	c.1826G>A
19	10361906	A	C	p.Leu608Arg	c.1823T>G
19	10361908	G	C	p.Arg607Arg	c.1821C>G
19	10361909	C	T	p.Arg607His	c.1820G>A
19	10361910	G	A	p.Arg607Cys	c.1819C>T
19	10361918	T	A	p.Tyr604Phe	c.1811A>T
19	10361922	C	T	p.Val603Met	c.1807G>A
19	10361923	G	A	p.Asn602Asn	c.1806C>T
19	10361924	T	C	p.Asn602Ser	c.1805A>G
19	10361936	C	T	p.Gly598Asp	c.1793G>A
19	10361942	C	G	p.Gly596Ala	c.1787G>C
19	10361947	G	T	p.His594Gln	c.1782C>A
19	10361955	G	T	p.Leu592Met	c.1774C>A
19	10361958	G	A		c.1774-3C>T
19	10361959	C	T		c.1774-4G>A
19	10361959	C	G		c.1774-4G>C
19	10361960	G	A		c.1774-5C>T
19	10361967	T	C		c.1774-12A>G
19	10361977	A	G		c.1774-22T>C
19	10361982	C	T		c.1774-27G>A
19	10361983	G	A		c.1774-28C>T
19	10361987	T	C		c.1774-32A>G
19	10361997	T	C		c.1774-42A>G
19	10362005	G	C		c.1774-50C>G
19	10362010	C	T		c.1774-55G>A
19	10362016	GC	G		c.1773+61del
19	10362016	G	T		c.1774-61C>A
19	10362018	C	A		c.1773+60G>T
19	10362026	C	T		c.1773+52G>A
19	10362027	C	T		c.1773+51G>A
19	10362028	C	T		c.1773+50G>A
19	10362038	G	A		c.1773+40C>T
19	10362044	C	T		c.1773+34G>A
19	10362047	C	T		c.1773+31G>A
19	10362048	C	T		c.1773+30G>A
19	10362056	C	T		c.1773+22G>A
19	10362057	G	A		c.1773+21C>T
19	10362063	C	G		c.1773+15G>C
19	10362067	C	T		c.1773+11G>A
19	10362068	C	G		c.1773+10G>C
19	10362084	G	C	p.Ile589Met	c.1767C>G
19	10362089	C	T	p.Glu588Lys	c.1762G>A
19	10362091	T	C	p.Lys587Arg	c.1760A>G
19	10362102	C	T	p.Arg583Arg	c.1749G>A
19	10362104	G	A	p.Arg583Trp	c.1747C>T
19	10362106	T	C	p.His582Arg	c.1745A>G
19	10362123	G	C	p.Leu576Leu	c.1728C>G
19	10362125	G	C	p.Leu576Val	c.1726C>G
19	10362126	G	A	p.Asn575Asn	c.1725C>T
19	10362139	G	A	p.Pro571Leu	c.1712C>T
19	10362140	G	A	p.Pro571Ser	c.1711C>T
19	10362142	C	T	p.Ser570Asn	c.1709G>A
19	10362144	G	T	p.Ala569Ala	c.1707C>A
19	10362146	C	T	p.Ala569Thr	c.1705G>A
19	10362148	C	T	p.Arg568Gln	c.1703G>A
19	10362149	G	A	p.Arg568Trp	c.1702C>T
19	10362153	C	A	p.Gly566Gly	c.1698G>T
19	10362157	C	T	p.Arg565Gln	c.1694G>A
19	10362159	CATG	C	p.Ile563del	c.1689_1691del
19	10362160	A	G	p.Met564Thr	c.1691T>C
19	10362160	A	C	p.Met564Arg	c.1691T>G
19	10362162	G	T	p.Ile563Ile	c.1689C>A
19	10362185	G	C		c.1670-4C>G
19	10362188	G	T		c.1670-7C>A
19	10362193	C	T		c.1670-12G>A
19	10362200	T	C		c.1670-19A>G
19	10362205	G	A		c.1670-24C>T
19	10362211	G	A		c.1670-30C>T
19	10362213	G	C		c.1670-32C>G
19	10362216	T	C		c.1670-35A>G
19	10362217	G	T		c.1670-36C>A
19	10362217	G	C		c.1670-36C>G
19	10362217	G	A		c.1670-36C>T
19	10362227	T	G		c.1669+37A>C
19	10362246	G	C		c.1669+18C>G
19	10362247	T	TC		c.1669+16dup
19	10362254	A	G		c.1669+10T>C
19	10362256	C	T		c.1669+8G>A
19	10362257	A	G		c.1669+7T>C
19	10362257	A	C		c.1669+7T>G
19	10362259	C	T		c.1669+5G>A
19	10362260	G	A		c.1669+4C>T
19	10362268	T	C	p.Pro555Pro	c.1665A>G
19	10362277	C	G	p.Leu552Leu	c.1656G>C
19	10362280	G	T	p.Cys551Ter	c.1653C>A
19	10362281	C	T	p.Cys551Tyr	c.1652G>A
19	10362287	C	T	p.Arg549His	c.1646G>A
19	10362288	G	A	p.Arg549Cys	c.1645C>T
19	10362290	C	A	p.Arg548Leu	c.1643G>T
19	10362290	C	T	p.Arg548His	c.1643G>A
19	10362291	G	A	p.Arg548Cys	c.1642C>T
19	10362292	C	T	p.Leu547Leu	c.1641G>A
19	10362294	G	A	p.Leu547Leu	c.1639C>T
19	10362306	C	T	p.Asp543Asn	c.1627G>A
19	10362306	C	G	p.Asp543His	c.1627G>C
19	10362311	C	T	p.Gly541Glu	c.1622G>A
19	10362312	C	A	p.Gly541Trp	c.1621G>T
19	10362312	C	T	p.Gly541Arg	c.1621G>A
19	10362313	G	A	p.Ala540Ala	c.1620C>T
19	10362315	C	A	p.Ala540Ser	c.1618G>T
19	10362327	A	C	p.Cys536Gly	c.1606T>G
19	10362333	G	C	p.Gln534Glu	c.1600C>G
19	10362334	C	T	p.Leu533Leu	c.1599G>A
19	10362337	G	T	p.Ala532Ala	c.1596C>A
19	10362346	A	G	p.Leu529Leu	c.1587T>C
19	10362348	G	A	p.Leu529Phe	c.1585C>T
19	10362353	C	T	p.Arg527Gln	c.1580G>A
19	10362354	G	A	p.Arg527Trp	c.1579C>T
19	10362357	C	T	p.Val526Ile	c.1576G>A
19	10362358	G	A	p.Ser525Ser	c.1575C>T
19	10362360	T	C	p.Ser525Gly	c.1573A>G
19	10362365	A	G	p.Phe523Ser	c.1568T>C
19	10362367	G	C	p.Ser522Ser	c.1566C>G
19	10362371	C	T	p.Arg521Gln	c.1562G>A
19	10362372	G	C	p.Arg521Gly	c.1561C>G
19	10362372	G	A	p.Arg521Trp	c.1561C>T
19	10362374	C	T	p.Gly520Asp	c.1559G>A
19	10362385	C	T	p.Leu516Leu	c.1548G>A
19	10362390	C	T	p.Val515Met	c.1543G>A
19	10362391	G	A	p.Phe514Phe	c.1542C>T
19	10362399	C	T	p.Gly512Arg	c.1534G>A
19	10362400	G	A	p.Asp511Asp	c.1533C>T
19	10362403	C	T	p.Gln510Gln	c.1530G>A
19	10362410	T	C	p.Glu508Gly	c.1523A>G
19	10362416	G	A	p.Pro506Leu	c.1517C>T
19	10362425	C	T	p.Arg503Gln	c.1508G>A
19	10362427	G	A	p.Leu502Leu	c.1506C>T
19	10362428	A	G	p.Leu502Pro	c.1505T>C
19	10362430	C	G	p.Arg501Arg	c.1503G>C
19	10362431	C	T	p.Arg501Gln	c.1502G>A
19	10362432	G	A	p.Arg501Trp	c.1501C>T
19	10362447	C	T	p.Gly496Ser	c.1486G>A
19	10362448	G	A	p.Asp495Asp	c.1485C>T
19	10362454	T	A	p.Ala493Ala	c.1479A>T
19	10362456	C	T	p.Ala493Thr	c.1477G>A
19	10362461	C	T		c.1477-5G>A
19	10362462	A	G		c.1477-6T>C
19	10362475	G	C		c.1477-19C>G
19	10362480	G	A		c.1477-24C>T
19	10362482	G	A		c.1477-26C>T
19	10362483	C	G		c.1477-27G>C
19	10362490	C	T		c.1477-34G>A
19	10362495	G	T		c.1477-39C>A
19	10362498	C	T		c.1477-42G>A
19	10362506	G	A		c.1476+43C>T
19	10362508	A	G		c.1476+41T>C
19	10362509	C	T		c.1476+40G>A
19	10362510	G	A		c.1476+39C>T
19	10362513	T	TCCAGCC		c.1476+30_1476+35dup
19	10362521	C	T		c.1476+28G>A
19	10362523	G	GCCCCAGC		c.1476+19_1476+25dup
19	10362527	C	T		c.1476+22G>A
19	10362528	A	G		c.1476+21T>C
19	10362530	C	A		c.1476+19G>T
19	10362530	C	G		c.1476+19G>C
19	10362536	G	A		c.1476+13C>T
19	10362541	G	A		c.1476+8C>T
19	10362556	C	T	p.Arg490His	c.1469G>A
19	10362557	G	A	p.Arg490Cys	c.1468C>T
19	10362558	C	A	p.Gln489His	c.1467G>T
19	10362566	C	A	p.Val487Leu	c.1459G>T
19	10362567	T	C	p.Thr486Thr	c.1458A>G
19	10362580	C	T	p.Arg482His	c.1445G>A
19	10362581	G	A	p.Arg482Cys	c.1444C>T
19	10362584	A	C	p.Tyr481Asp	c.1441T>G
19	10362588	G	T	p.His479Gln	c.1437C>A
19	10362591	G	A	p.Ser478Ser	c.1434C>T
19	10362592	C	A	p.Ser478Ile	c.1433G>T
19	10362595	G	A	p.Thr477Ile	c.1430C>T
19	10362603	G	T	p.His474Gln	c.1422C>A
19	10362620	C	T	p.Gly469Ser	c.1405G>A
19	10362621	G	A	p.Asp468Asp	c.1404C>T
19	10362624	C	T	p.Glu467Glu	c.1401G>A
19	10362626	C	T	p.Glu467Lys	c.1399G>A
19	10362627	G	A	p.Pro466Pro	c.1398C>T
19	10362628	G	C	p.Pro466Arg	c.1397C>G
19	10362631	C	T	p.Arg465Gln	c.1394G>A
19	10362631	C	A	p.Arg465Leu	c.1394G>T
19	10362632	G	A	p.Arg465Trp	c.1393C>T
19	10362660	G	A		c.1368-3C>T
19	10362661	GA	G		c.1368-5del
19	10362665	G	A		c.1368-8C>T
19	10362669	T	C		c.1368-12A>G
19	10362669	T	G		c.1368-12A>C
19	10362670	C	T		c.1368-13G>A
19	10362671	CA	C		c.1368-15del
19	10362677	G	A		c.1368-20C>T
19	10362694	G	A		c.1368-37C>T
19	10362697	C	G		c.1368-40G>C
19	10362698	C	T		c.1368-41G>A
19	10362702	C	A		c.1368-45G>T
19	10362716	G	A		c.1368-59C>T
19	10362723	A	C		c.1368-66T>G
19	10362723	A	G		c.1368-66T>C
19	10362728	A	C		c.1368-71T>G
19	10364541	C	CA		c.1367+72dup
19	10364542	ACAG	A		c.1367+69_1367+71del
19	10364547	C	T		c.1367+67G>A
19	10364548	C	G		c.1367+66G>C
19	10364549	C	T		c.1367+65G>A
19	10364551	A	G		c.1367+63T>C
19	10364559	C	A		c.1367+55G>T
19	10364563	C	A		c.1367+51G>T
19	10364570	GC	G		c.1367+43del
19	10364573	C	A		c.1367+41G>T
19	10364580	C	T		c.1367+34G>A
19	10364581	G	A		c.1367+33C>T
19	10364586	C	A		c.1367+28G>T
19	10364593	C	T		c.1367+21G>A
19	10364593	C	A		c.1367+21G>T
19	10364594	G	A		c.1367+20C>T
19	10364598	C	T		c.1367+16G>A
19	10364600	C	T		c.1367+14G>A
19	10364600	C	G		c.1367+14G>C
19	10364602	C	A		c.1367+12G>T
19	10364616	C	T	p.Leu455Leu	c.1365G>A
19	10364619	G	C	p.Pro454Pro	c.1362C>G
19	10364625	G	A	p.His452His	c.1356C>T
19	10364629	A	AT	p.Ile451AsnfsTer41	c.1351dup
19	10364633	C	T	p.Gly450Arg	c.1348G>A
19	10364638	C	T	p.Arg448Gln	c.1343G>A
19	10364639	G	A	p.Arg448Trp	c.1342C>T
19	10364656	C	T	p.Arg442Gln	c.1325G>A
19	10364657	G	A	p.Arg442Trp	c.1324C>T
19	10364659	G	T	p.Pro441Gln	c.1322C>A
19	10364659	G	A	p.Pro441Leu	c.1322C>T
19	10364663	G	T	p.Pro440Thr	c.1318C>A
19	10364672	C	T	p.Glu437Lys	c.1309G>A
19	10364684	A	G	p.Tyr433His	c.1297T>C
19	10364689	C	T	p.Ser431Asn	c.1292G>A
19	10364690	T	C	p.Ser431Gly	c.1291A>G
19	10364691	G	A	p.Ser430Ser	c.1290C>T
19	10364692	G	C	p.Ser430Cys	c.1289C>G
19	10364697	G	A	p.Ala428Ala	c.1284C>T
19	10364699	C	T	p.Ala428Thr	c.1282G>A
19	10364700	C	T	p.Thr427Thr	c.1281G>A
19	10364701	G	A	p.Thr427Met	c.1280C>T
19	10364707	C	T	p.Arg425His	c.1274G>A
19	10364708	G	A	p.Arg425Cys	c.1273C>T
19	10364718	G	A	p.Asp421Asp	c.1263C>T
19	10364720	C	T	p.Asp421Asn	c.1261G>A
19	10364721	C	T	p.Val420Val	c.1260G>A
19	10364727	C	T	p.Ser418Ser	c.1254G>A
19	10364732	C	T	p.Val417Met	c.1249G>A
19	10364733	G	A	p.Phe416Phe	c.1248C>T
19	10364742	C	T	p.Ala413Ala	c.1239G>A
19	10364743	G	A	p.Ala413Val	c.1238C>T
19	10364745	C	T	p.Ala412Ala	c.1236G>A
19	10364746	G	A	p.Ala412Val	c.1235C>T
19	10364748	A	G	p.Ala411Ala	c.1233T>C
19	10364750	C	A	p.Ala411Ser	c.1231G>T
19	10364750	C	T	p.Ala411Thr	c.1231G>A
19	10364752	C	T	p.Arg410Gln	c.1229G>A
19	10364755	G	A	p.Ser409Phe	c.1226C>T
19	10364761	A	G	p.Leu407Ser	c.1220T>C
19	10364761	A	C	p.Leu407Trp	c.1220T>G
19	10364780	C	T		c.1210-9G>A
19	10364786	C	T		c.1210-15G>A
19	10364787	G	A		c.1210-16C>T
19	10364788	C	T		c.1210-17G>A
19	10364793	G	C		c.1210-22C>G
19	10364807	C	T		c.1210-36G>A
19	10364809	G	A		c.1210-38C>T
19	10364811	C	T		c.1209+40G>A
19	10364815	G	C		c.1209+36C>G
19	10364821	C	T		c.1209+30G>A
19	10364826	G	A		c.1209+25C>T
19	10364828	C	G		c.1209+23G>C
19	10364828	C	T		c.1209+23G>A
19	10364838	C	A		c.1209+13G>T
19	10364853	G	C	p.Leu403Val	c.1207C>G
19	10364870	C	T	p.Arg397Gln	c.1190G>A
19	10364871	G	A	p.Arg397Trp	c.1189C>T
19	10364881	GAC	G	p.Val393GlnfsTer98	c.1177_1178del
19	10364884	A	G	p.Cys392Cys	c.1176T>C
19	10364885	C	T	p.Cys392Tyr	c.1175G>A
19	10364901	C	G	p.Val387Leu	c.1159G>C
19	10364902	C	A	p.Val386Val	c.1158G>T
19	10364904	C	A	p.Val386Leu	c.1156G>T
19	10364904	C	T	p.Val386Met	c.1156G>A
19	10364905	G	A	p.His385His	c.1155C>T
19	10364905	G	C	p.His385Gln	c.1155C>G
19	10364911	G	A	p.Ile383Ile	c.1149C>T
19	10364919	G	A	p.Arg381Trp	c.1141C>T
19	10364925	C	T	p.Asp379Asn	c.1135G>A
19	10364928	A	G	p.Cys378Arg	c.1132T>C
19	10364937	C	T	p.Ala375Thr	c.1123G>A
19	10364940	A	C	p.Trp374Gly	c.1120T>G
19	10364944	T	C	p.Pro372Pro	c.1116A>G
19	10364951	C	T	p.Arg370Gln	c.1109G>A
19	10364952	G	T	p.Arg370Arg	c.1108C>A
19	10364952	G	A	p.Arg370Trp	c.1108C>T
19	10364953	C	T	p.Pro369Pro	c.1107G>A
19	10364954	G	A	p.Pro369Leu	c.1106C>T
19	10364965	C	T	p.Pro365Pro	c.1095G>A
19	10364966	G	A	p.Pro365Leu	c.1094C>T
19	10364973	C	T	p.Gly363Ser	c.1087G>A
19	10364974	G	A	p.Val362Val	c.1086C>T
19	10364976	C	A	p.Val362Phe	c.1084G>T
19	10364978	G	A	p.Ala361Val	c.1082C>T
19	10364979	C	A	p.Ala361Ser	c.1081G>T
19	10364980	C	T	p.Lys360Lys	c.1080G>A
19	10364981	T	C	p.Lys360Arg	c.1079A>G
19	10364987	G	A	p.Ala358Val	c.1073C>T
19	10364990	T	G	p.Lys357Thr	c.1070A>C
19	10365019	G	A	p.Pro347Pro	c.1041C>T
19	10365021	G	A	p.Pro347Ser	c.1039C>T
19	10365031	A	C	p.Ser343Arg	c.1029T>G
19	10365041	C	A	p.Ser340Ile	c.1019G>T
19	10365060	G	GC		c.1012-13dup
19	10365064	G	A		c.1012-16C>T
19	10365078	G	A		c.1012-30C>T
19	10365081	G	T		c.1012-33C>A
19	10365083	G	C		c.1012-35C>G
19	10365084	G	A		c.1012-36C>T
19	10365092	C	T		c.1012-44G>A
19	10365093	C	T		c.1012-45G>A
19	10365094	G	A		c.1012-46C>T
19	10365107	GCACTTTCCC	G		c.1012-68_1012-60del
19	10365114	C	T		c.1012-66G>A
19	10365116	C	G		c.1012-68G>C
19	10365118	T	G		c.1012-70A>C
19	10365121	G	A		c.1012-73C>T
19	10365442	TAG	T		c.1011+73_1011+74del
19	10365445	G	A		c.1011+72C>T
19	10365445	G	GAACACA		c.1011+71_1011+72insTGTGTT
19	10365451	G	A		c.1011+66C>T
19	10365454	T	C		c.1011+63A>G
19	10365458	C	G		c.1011+59G>C
19	10365459	A	G		c.1011+58T>C
19	10365462	G	A		c.1011+55C>T
19	10365472	C	G		c.1011+45G>C
19	10365473	C	G		c.1011+44G>C
19	10365476	C	T		c.1011+41G>A
19	10365477	C	A		c.1011+40G>T
19	10365487	C	A		c.1011+30G>T
19	10365487	C	T		c.1011+30G>A
19	10365495	GC	G		c.1011+21del
19	10365496	C	T		c.1011+21G>A
19	10365497	G	A		c.1011+20C>T
19	10365505	C	T		c.1011+12G>A
19	10365505	C	A		c.1011+12G>T
19	10365506	GCCTTGCTCACCTCCT	G		c.1007_1011+10del
19	10365506	G	A		c.1011+11C>T
19	10365507	C	T		c.1011+10G>A
19	10365512	CTCACCTCCTCCTTGT	C		c.1001_1011+4del
19	10365514	C	T		c.1011+3G>A
19	10365515	A	C		c.1011+2T>G
19	10365516	C	T		c.1011+1G>A
19	10365520	C	T	p.Glu336Glu	c.1008G>A
19	10365534	C	T	p.Glu332Lys	c.994G>A
19	10365537	C	T	p.Glu331Lys	c.991G>A
19	10365538	C	T	p.Glu330Glu	c.990G>A
19	10365543	C	G	p.Val329Leu	c.985G>C
19	10365543	C	T	p.Val329Ile	c.985G>A
19	10365558	T	C	p.Ile324Val	c.970A>G
19	10365568	G	A	p.Gly320Gly	c.960C>T
19	10365569	C	T	p.Gly320Asp	c.959G>A
19	10365577	C	G	p.Leu317Leu	c.951G>C
19	10365586	G	A	p.His314His	c.942C>T
19	10365589	G	C	p.Thr313Thr	c.939C>G
19	10365591	T	C	p.Thr313Ala	c.937A>G
19	10365594	G	A	p.Pro312Ser	c.934C>T
19	10365604	A	G	p.Ala308Ala	c.924T>C
19	10365631	G	A	p.Ala299Ala	c.897C>T
19	10365647	C	T	p.Arg294Gln	c.881G>A
19	10365648	G	A	p.Arg294Trp	c.880C>T
19	10365649	G	A	p.Ile293Ile	c.879C>T
19	10365657	A	G	p.Cys291Arg	c.871T>C
19	10365665	C	A	p.Gly288Val	c.863G>T
19	10365667	C	G	p.Glu287Asp	c.861G>C
19	10365667	C	T	p.Glu287Glu	c.861G>A
19	10365669	C	T	p.Glu287Lys	c.859G>A
19	10365670	G	A	p.Ala286Ala	c.858C>T
19	10365684	G	A	p.Leu282Leu	c.844C>T
19	10365684	G	C	p.Leu282Val	c.844C>G
19	10365689	A	G	p.Leu280Pro	c.839T>C
19	10365692	TGGCACACG	T	p.Val277ProfsTer27	c.828_835del
19	10365694	G	A	p.Cys278Cys	c.834C>T
19	10365697	C	A	p.Val277Val	c.831G>T
19	10365699	C	T	p.Val277Met	c.829G>A
19	10365700	G	A	p.Pro276Pro	c.828C>T
19	10365707	C	T	p.Arg274His	c.821G>A
19	10365708	G	A	p.Arg274Cys	c.820C>T
19	10365709	C	T	p.Glu273Glu	c.819G>A
19	10365718	G	A	p.Phe270Phe	c.810C>T
19	10365720	A	G	p.Phe270Leu	c.808T>C
19	10365722	C	T	p.Arg269His	c.806G>A
19	10365723	G	A	p.Arg269Cys	c.805C>T
19	10365723	G	C	p.Arg269Gly	c.805C>G
19	10365732	G	A	p.Leu266Leu	c.796C>T
19	10365734	C	T	p.Arg265Gln	c.794G>A
19	10365735	G	A	p.Arg265Trp	c.793C>T
19	10365735	G	T	p.Arg265Arg	c.793C>A
19	10365738	C	G	p.Glu264Gln	c.790G>C
19	10365739	G	T	p.Leu263Leu	c.789C>A
19	10365739	G	A	p.Leu263Leu	c.789C>T
19	10365741	G	C	p.Leu263Val	c.787C>G
19	10365743	G	A	p.Thr262Ile	c.785C>T
19	10365745	G	C	p.Ala261Ala	c.783C>G
19	10365746	G	A	p.Ala261Val	c.782C>T
19	10365750	G	A	p.Leu260Leu	c.778C>T
19	10365751	G	A	p.Tyr259Tyr	c.777C>T
19	10365754	T	A	p.Lys258Asn	c.774A>T
19	10365759	C	A	p.Val257Phe	c.769G>T
19	10365762	T	C	p.Met256Val	c.766A>G
19	10365765	C	T	p.Val255Ile	c.763G>A
19	10365766	C	T	p.Met254Ile	c.762G>A
19	10365769	C	T	p.Gln253Gln	c.759G>A
19	10365778	G	A	p.Leu250Leu	c.750C>T
19	10365787	C	T	p.Pro247Pro	c.741G>A
19	10365788	G	A	p.Pro247Leu	c.740C>T
19	10365793	G	C	p.Phe245Leu	c.735C>G
19	10365800	C	G	p.Arg243Pro	c.728G>C
19	10365800	C	T	p.Arg243Gln	c.728G>A
19	10365801	G	A	p.Arg243Trp	c.727C>T
19	10365802	C	T	p.Leu242Leu	c.726G>A
19	10365809	C	T	p.Arg240Lys	c.719G>A
19	10365812	C	T	p.Arg239His	c.716G>A
19	10365813	G	A	p.Arg239Cys	c.715C>T
19	10365819	C	T	p.Val237Ile	c.709G>A
19	10365820	G	A	p.Asn236Asn	c.708C>T
19	10365824	C	T	p.Arg235Gln	c.704G>A
19	10365825	G	A	p.Arg235Trp	c.703C>T
19	10365826	A	C	p.Leu234Leu	c.702T>G
19	10365831	G	A	p.Arg233Cys	c.697C>T
19	10365836	C	T	p.Arg231Gln	c.692G>A
19	10365836	C	G	p.Arg231Pro	c.692G>C
19	10365837	G	A	p.Arg231Trp	c.691C>T
19	10365846	C	T	p.Ala228Thr	c.682G>A
19	10365847	G	A	p.Ser227Ser	c.681C>T
19	10365853	C	T	p.Gln225Gln	c.675G>A
19	10365857	C	T	p.Arg224Gln	c.671G>A
19	10365858	G	A	p.Arg224Trp	c.670C>T
19	10365866	C	T	p.Arg221Gln	c.662G>A
19	10365867	G	A	p.Arg221Trp	c.661C>T
19	10365868	G	C	p.Arg220Arg	c.660C>G
19	10365869	C	T	p.Arg220His	c.659G>A
19	10365869	C	A	p.Arg220Leu	c.659G>T
19	10365870	G	A	p.Arg220Cys	c.658C>T
19	10365871	G	C	p.Phe219Leu	c.657C>G
19	10365873	A	G	p.Phe219Leu	c.655T>C
19	10365874	G	T	p.Ser218Ser	c.654C>A
19	10365878	C	T	p.Arg217His	c.650G>A
19	10365879	G	A	p.Arg217Cys	c.649C>T
19	10365880	C	T	p.Pro216Pro	c.648G>A
19	10365889	G	A	p.Asp213Asp	c.639C>T
19	10365895	G	A	p.Phe211Phe	c.633C>T
19	10365901	G	A		c.630-3C>T
19	10365902	G	A		c.630-4C>T
19	10365904	G	T		c.630-6C>A
19	10365910	C	T		c.630-12G>A
19	10365919	G	C		c.630-21C>G
19	10365922	C	T		c.630-24G>A
19	10365933	C	T		c.630-35G>A
19	10365935	T	C		c.630-37A>G
19	10365938	G	C		c.630-40C>G
19	10365939	T	C		c.630-41A>G
19	10365942	C	T		c.630-44G>A
19	10365943	A	T		c.630-45T>A
19	10365950	G	A		c.630-52C>T
19	10365963	G	A		c.630-65C>T
19	10365964	G	A		c.630-66C>T
19	10366361	G	A		c.629+56C>T
19	10366368	A	G		c.629+49T>C
19	10366369	G	A		c.629+48C>T
19	10366377	C	T		c.629+40G>A
19	10366378	C	A		c.629+39G>T
19	10366379	C	T		c.629+38G>A
19	10366379	C	A		c.629+38G>T
19	10366381	C	T		c.629+36G>A
19	10366383	G	T		c.629+34C>A
19	10366387	A	G		c.629+30T>C
19	10366389	A	C		c.629+28T>G
19	10366390	C	T		c.629+27G>A
19	10366391	A	G		c.629+26T>C
19	10366393	C	T		c.629+24G>A
19	10366394	G	A		c.629+23C>T
19	10366396	C	T		c.629+21G>A
19	10366401	C	T		c.629+16G>A
19	10366406	T	C		c.629+11A>G
19	10366437	C	A	p.Glu203Asp	c.609G>T
19	10366443	G	A	p.Pro201Pro	c.603C>T
19	10366444	G	A	p.Pro201Leu	c.602C>T
19	10366456	C	T	p.Arg197His	c.590G>A
19	10366457	G	A	p.Arg197Cys	c.589C>T
19	10366458	G	T	p.Leu196Leu	c.588C>A
19	10366461	A	G	p.Ala195Ala	c.585T>C
19	10366463	C	A	p.Ala195Ser	c.583G>T
19	10366463	C	T	p.Ala195Thr	c.583G>A
19	10366464	G	A	p.Leu194Leu	c.582C>T
19	10366466	G	A	p.Leu194Phe	c.580C>T
19	10366476	G	A	p.His190His	c.570C>T
19	10366485	G	A	p.Ala187Ala	c.561C>T
19	10366486	G	C	p.Ala187Gly	c.560C>G
19	10366498	C	T	p.Ser183Asn	c.548G>A
19	10366501	T	C	p.Glu182Gly	c.545A>G
19	10366509	A	G	p.Phe179Phe	c.537T>C
19	10366512	G	C	p.His178Gln	c.534C>G
19	10366517	G	A	p.His177Tyr	c.529C>T
19	10366520	T	A	p.Ile176Phe	c.526A>T
19	10366521	C	G	p.Glu175Asp	c.525G>C
19	10366524	C	T	p.Glu174Glu	c.522G>A
19	10366526	C	T	p.Glu174Lys	c.520G>A
19	10366529	C	T	p.Glu173Lys	c.517G>A
19	10366530	G	A	p.Thr172Thr	c.516C>T
19	10366531	G	A	p.Thr172Ile	c.515C>T
19	10366533	C	T	p.Ser171Ser	c.513G>A
19	10366538	G	A	p.Leu170Leu	c.508C>T
19	10366541	C	T	p.Glu169Lys	c.505G>A
19	10366553	C	T	p.Ala165Thr	c.493G>A
19	10366554	C	T	p.Val164Val	c.492G>A
19	10366556	C	T	p.Val164Met	c.490G>A
19	10366556	C	A	p.Val164Leu	c.490G>T
19	10366557	G	A	p.Asp163Asp	c.489C>T
19	10366560	A	G	p.Asn162Asn	c.486T>C
19	10366578	G	A	p.Gly156Gly	c.468C>T
19	10366582	TG	T		c.466-3del
19	10366583	G	A		c.466-3C>T
19	10366588	C	T		c.466-8G>A
19	10366590	G	C		c.466-10C>G
19	10366591	GAA	G		c.466-13_466-12del
19	10366596	T	A		c.466-16A>T
19	10366598	A	G		c.466-18T>C
19	10366599	G	A		c.466-19C>T
19	10366613	G	A		c.466-33C>T
19	10366614	TG	T		c.466-35del
19	10366615	G	A		c.466-35C>T
19	10366615	G	T		c.466-35C>A
19	10366622	C	G		c.466-42G>C
19	10366622	C	A		c.466-42G>T
19	10366623	G	T		c.466-43C>A
19	10366623	G	A		c.466-43C>T
19	10366631	C	T		c.466-51G>A
19	10366641	G	C		c.466-61C>G
19	10366643	T	C		c.466-63A>G
19	10366649	A	G		c.466-69T>C
19	10366655	T	C		c.466-75A>G
19	10367980	G	A		c.465+75C>T
19	10367982	G	A		c.465+73C>T
19	10367983	A	C		c.465+72T>G
19	10367994	G	A		c.465+61C>T
19	10367994	G	T		c.465+61C>A
19	10367996	C	A		c.465+59G>T
19	10368006	G	T		c.465+49C>A
19	10368007	C	A		c.465+48G>T
19	10368010	C	T		c.465+45G>A
19	10368011	T	G		c.465+44A>C
19	10368018	C	T		c.465+37G>A
19	10368024	A	T		c.465+31T>A
19	10368026	T	C		c.465+29A>G
19	10368031	T	C		c.465+24A>G
19	10368033	G	C		c.465+22C>G
19	10368064	G	A	p.Leu152Leu	c.456C>T
19	10368066	G	A	p.Leu152Phe	c.454C>T
19	10368067	G	A	p.Tyr151Tyr	c.453C>T
19	10368070	C	T	p.Glu150Glu	c.450G>A
19	10368071	T	C	p.Glu150Gly	c.449A>G
19	10368072	C	T	p.Glu150Lys	c.448G>A
19	10368080	G	T	p.Ala147Asp	c.440C>A
19	10368083	G	A	p.Pro146Leu	c.437C>T
19	10368085	GTCCAGGAGTTGCA	G	p.Met141ThrfsTer17	c.422_434del
19	10368093	G	A	p.Leu143Phe	c.427C>T
19	10368094	T	C	p.Gln142Gln	c.426A>G
19	10368102	C	CCTGTGCTGT	p.Thr137_Gln139dup	c.409_417dup
19	10368110	G	C	p.Thr137Arg	c.410C>G
19	10368114	G	T	p.Gln136Lys	c.406C>A
19	10368129	C	T	p.Glu131Lys	c.391G>A
19	10368130	G	A	p.Thr130Thr	c.390C>T
19	10368138	G	A	p.Pro128Ser	c.382C>T
19	10368142	C	T	p.Gly126Gly	c.378G>A
19	10368148	A	G	p.Arg124Arg	c.372T>C
19	10368149	C	T	p.Arg124His	c.371G>A
19	10368150	G	A	p.Arg124Cys	c.370C>T
19	10368156	C	T	p.Val122Met	c.364G>A
19	10368159	C	T	p.Ala121Thr	c.361G>A
19	10368160	C	T	p.Pro120Pro	c.360G>A
19	10368161	G	A	p.Pro120Leu	c.359C>T
19	10368161	G	T	p.Pro120Gln	c.359C>A
19	10368162	G	A	p.Pro120Ser	c.358C>T
19	10368167	C	T	p.Arg118Gln	c.353G>A
19	10368168	G	A	p.Arg118Trp	c.352C>T
19	10368171	G	A	p.Pro117Ser	c.349C>T
19	10368174	T	A	p.Asn116Tyr	c.346A>T
19	10368190	C	T	p.Arg110Arg	c.330G>A
19	10368191	C	T	p.Arg110Gln	c.329G>A
19	10368192	G	A	p.Arg110Trp	c.328C>T
19	10368216	G	A		c.318-14C>T
19	10368217	G	GAAATAAA		c.318-16_318-15insTTTATTT
19	10368219	CG	C		c.318-18del
19	10368219	C	T		c.318-17G>A
19	10368220	G	A		c.318-18C>T
19	10368220	G	T		c.318-18C>A
19	10368221	C	A		c.318-19G>T
19	10368221	C	T		c.318-19G>A
19	10368222	A	T		c.318-20T>A
19	10368223	G	A		c.318-21C>T
19	10368224	C	T		c.318-22G>A
19	10368229	G	T		c.318-27C>A
19	10368231	T	C		c.318-29A>G
19	10368237	CAG	C		c.318-37_318-36del
19	10368240	A	T		c.318-38T>A
19	10368248	C	T		c.318-46G>A
19	10368250	G	C		c.317+45C>G
19	10368258	A	G		c.317+37T>C
19	10368264	G	T		c.317+31C>A
19	10368266	G	A		c.317+29C>T
19	10368268	A	T		c.317+27T>A
19	10368269	C	T		c.317+26G>A
19	10368269	C	A		c.317+26G>T
19	10368270	G	A		c.317+25C>T
19	10368272	G	A		c.317+23C>T
19	10368277	G	C		c.317+18C>G
19	10368292	C	T		c.317+3G>A
19	10368299	T	C	p.Ile105Val	c.313A>G
19	10368301	C	T	p.Arg104His	c.311G>A
19	10368302	G	A	p.Arg104Cys	c.310C>T
19	10368309	T	C	p.Leu101Leu	c.303A>G
19	10368316	A	G	p.Leu99Pro	c.296T>C
19	10368321	T	G	p.Ala97Ala	c.291A>C
19	10368335	T	A	p.Ile93Phe	c.277A>T
19	10368345	G	A	p.His89His	c.267C>T
19	10368351	T	C	p.Pro87Pro	c.261A>G
19	10368356	G	A	p.Pro86Ser	c.256C>T
19	10368356	G	T	p.Pro86Thr	c.256C>A
19	10368360	C	T	p.Trp84Ter	c.252G>A
19	10368371	C	T	p.Ala81Thr	c.241G>A
19	10368371	C	A	p.Ala81Ser	c.241G>T
19	10368372	C	G	p.Gln80His	c.240G>C
19	10368380	C	T	p.Asp78Asn	c.232G>A
19	10368381	G	A	p.Phe77Phe	c.231C>T
19	10368388	G	T	p.Ala75Asp	c.224C>A
19	10368393	G	A	p.Leu73Leu	c.219C>T
19	10368395	G	A	p.Leu73Phe	c.217C>T
19	10368401	A	G	p.Phe71Leu	c.211T>C
19	10368412	G	A	p.Thr67Ile	c.200C>T
19	10368412	G	C	p.Thr67Ser	c.200C>G
19	10368422	G	T		c.194-4C>A
19	10368424	T	A		c.194-6A>T
19	10368426	A	G		c.194-8T>C
19	10368436	C	T		c.194-18G>A
19	10368437	G	A		c.194-19C>T
19	10368445	G	A		c.194-27C>T
19	10368451	C	T		c.194-33G>A
19	10368452	G	A		c.194-34C>T
19	10368462	A	G		c.194-44T>C
19	10368464	C	T		c.194-46G>A
19	10368465	G	A		c.194-47C>T
19	10368476	A	AGACCCCCCAGACCCACT		c.194-59_194-58insAGTGGGTCTGGGGGGTC
19	10368478	A	AC		c.194-61dup
19	10368478	AC	A		c.194-61del
19	10368478	A	T		c.194-60T>A
19	10368479	C	G		c.194-61G>C
19	10368479	C	A		c.194-61G>T
19	10368481	C	T		c.194-63G>A
19	10368482	C	A		c.194-64G>T
19	10368486	G	C		c.194-68C>G
19	10368489	C	A		c.194-71G>T
19	10378139	T	G		c.193+75A>C
19	10378139	T	C		c.193+75A>G
19	10378143	C	T		c.193+71G>A
19	10378144	G	A		c.193+70C>T
19	10378153	G	C		c.193+61C>G
19	10378157	C	T		c.193+57G>A
19	10378167	C	T		c.193+47G>A
19	10378179	C	A		c.193+35G>T
19	10378185	T	C		c.193+29A>G
19	10378191	T	G		c.193+23A>C
19	10378199	A	G		c.193+15T>C
19	10378200	C	T		c.193+14G>A
19	10378201	G	A		c.193+13C>T
19	10378203	C	T		c.193+11G>A
19	10378216	A	G	p.Val64Ala	c.191T>C
19	10378220	T	C	p.Lys63Glu	c.187A>G
19	10378223	G	A	p.His62Tyr	c.184C>T
19	10378228	A	G	p.Ile60Thr	c.179T>C
19	10378229	T	C	p.Ile60Val	c.178A>G
19	10378237	C	G	p.Cys57Ser	c.170G>C
19	10378239	G	A	p.Val56Val	c.168C>T
19	10378248	A	G	p.Ala53Ala	c.159T>C
19	10378250	C	T	p.Ala53Thr	c.157G>A
19	10378253	T	G	p.Thr52Pro	c.154A>C
19	10378255	A	G	p.Leu51Pro	c.152T>C
19	10378255	A	T	p.Leu51Gln	c.152T>A
19	10378257	C	T	p.Ser50Ser	c.150G>A
19	10378258	G	A	p.Ser50Leu	c.149C>T
19	10378263	C	T	p.Glu48Glu	c.144G>A
19	10378282	G	T	p.Pro42His	c.125C>A
19	10378282	G	A	p.Pro42Leu	c.125C>T
19	10378283	G	C	p.Pro42Ala	c.124C>G
19	10378283	G	T	p.Pro42Thr	c.124C>A
19	10378289	C	T	p.Gly40Arg	c.118G>A
19	10378290	G	A	p.Gly39Gly	c.117C>T
19	10378292	C	T	p.Gly39Ser	c.115G>A
19	10378293	G	A	p.Gly38Gly	c.114C>T
19	10378293	G	T	p.Gly38Gly	c.114C>A
19	10378322	T	G	p.Lys29Gln	c.85A>C
19	10378343	T	C	p.Met22Val	c.64A>G
19	10378348	T	G	p.Gln20Pro	c.59A>C
19	10378350	G	A	p.Ala19Ala	c.57C>T
19	10378363	A	G	p.Val15Ala	c.44T>C
19	10378364	C	T	p.Val15Ile	c.43G>A
19	10378364	C	A	p.Val15Phe	c.43G>T
19	10378365	G	A	p.Pro14Pro	c.42C>T
19	10378365	G	T	p.Pro14Pro	c.42C>A
19	10378371	A	C	p.Ser12Arg	c.36T>G
19	10378375	C	A	p.Gly11Val	c.32G>T
19	10378383	C	T	p.Met8Ile	c.24G>A
19	10378385	T	A	p.Met8Leu	c.22A>T
19	10378387	C	T	p.Gly7Glu	c.20G>A
19	10378391	A	T	p.Trp6Arg	c.16T>A
19	10378396	C	G	p.Arg4Pro	c.11G>C
19	10378396	C	T	p.Arg4His	c.11G>A
19	10378397	G	A	p.Arg4Cys	c.10C>T
19	10378402	G	A	p.Pro2Leu	c.5C>T
19	10378403	G	A	p.Pro2Ser	c.4C>T
19	10378404	C	T	p.Met1?	c.3G>A
19	10378410	C	T		c.-4G>A
19	10378412	C	T		c.-6G>A
19	10378413	G	A		c.-7C>T
19	10378419	TG	T		c.-14del
19	10378424	C	T		c.-18G>A
19	10378429	G	A		c.-20-3C>T
19	10378435	G	A		c.-20-9C>T
19	10378460	T	A		c.-20-34A>T
19	10378463	G	A		c.-20-37C>T
19	10378473	C	G		c.-20-47G>C
19	10378474	CCT	C		c.-20-50_-20-49del
