wt_aa	pos
M	1
P	2
L	3
R	4
H	5
W	6
G	7
M	8
A	9
R	10
G	11
S	12
K	13
P	14
V	15
G	16
D	17
G	18
A	19
Q	20
P	21
M	22
A	23
A	24
M	25
G	26
G	27
L	28
K	29
V	30
L	31
L	32
H	33
W	34
A	35
G	36
P	37
G	38
G	39
G	40
E	41
P	42
W	43
V	44
T	45
F	46
S	47
E	48
S	49
S	50
L	51
T	52
A	53
E	54
E	55
V	56
C	57
I	58
H	59
I	60
A	61
H	62
K	63
V	64
G	65
I	66
T	67
P	68
P	69
C	70
F	71
N	72
L	73
F	74
A	75
L	76
F	77
D	78
A	79
Q	80
A	81
Q	82
V	83
W	84
L	85
P	86
P	87
N	88
H	89
I	90
L	91
E	92
I	93
P	94
R	95
D	96
A	97
S	98
L	99
M	100
L	101
Y	102
F	103
R	104
I	105
R	106
F	107
Y	108
F	109
R	110
N	111
W	112
H	113
G	114
M	115
N	116
P	117
R	118
E	119
P	120
A	121
V	122
Y	123
R	124
C	125
G	126
P	127
P	128
G	129
T	130
E	131
A	132
S	133
S	134
D	135
Q	136
T	137
A	138
Q	139
G	140
M	141
Q	142
L	143
L	144
D	145
P	146
A	147
S	148
F	149
E	150
Y	151
L	152
F	153
E	154
Q	155
G	156
K	157
H	158
E	159
F	160
V	161
N	162
D	163
V	164
A	165
S	166
L	167
W	168
E	169
L	170
S	171
T	172
E	173
E	174
E	175
I	176
H	177
H	178
F	179
K	180
N	181
E	182
S	183
L	184
G	185
M	186
A	187
F	188
L	189
H	190
L	191
C	192
H	193
L	194
A	195
L	196
R	197
H	198
G	199
I	200
P	201
L	202
E	203
E	204
V	205
A	206
K	207
K	208
T	209
S	210
F	211
K	212
D	213
C	214
I	215
P	216
R	217
S	218
F	219
R	220
R	221
H	222
I	223
R	224
Q	225
H	226
S	227
A	228
L	229
T	230
R	231
L	232
R	233
L	234
R	235
N	236
V	237
F	238
R	239
R	240
F	241
L	242
R	243
D	244
F	245
Q	246
P	247
G	248
R	249
L	250
S	251
Q	252
Q	253
M	254
V	255
M	256
V	257
K	258
Y	259
L	260
A	261
T	262
L	263
E	264
R	265
L	266
A	267
P	268
R	269
F	270
G	271
T	272
E	273
R	274
V	275
P	276
V	277
C	278
H	279
L	280
R	281
L	282
L	283
A	284
Q	285
A	286
E	287
G	288
E	289
P	290
C	291
Y	292
I	293
R	294
D	295
S	296
G	297
V	298
A	299
P	300
T	301
D	302
P	303
G	304
P	305
E	306
S	307
A	308
A	309
G	310
P	311
P	312
T	313
H	314
E	315
V	316
L	317
V	318
T	319
G	320
T	321
G	322
G	323
I	324
Q	325
W	326
W	327
P	328
V	329
E	330
E	331
E	332
V	333
N	334
K	335
E	336
E	337
G	338
S	339
S	340
G	341
S	342
S	343
G	344
R	345
N	346
P	347
Q	348
A	349
S	350
L	351
F	352
G	353
K	354
K	355
A	356
K	357
A	358
H	359
K	360
A	361
V	362
G	363
Q	364
P	365
A	366
D	367
R	368
P	369
R	370
E	371
P	372
L	373
W	374
A	375
Y	376
F	377
C	378
D	379
F	380
R	381
D	382
I	383
T	384
H	385
V	386
V	387
L	388
K	389
E	390
H	391
C	392
V	393
S	394
I	395
H	396
R	397
Q	398
D	399
N	400
K	401
C	402
L	403
E	404
L	405
S	406
L	407
P	408
S	409
R	410
A	411
A	412
A	413
L	414
S	415
F	416
V	417
S	418
L	419
V	420
D	421
G	422
Y	423
F	424
R	425
L	426
T	427
A	428
D	429
S	430
S	431
H	432
Y	433
L	434
C	435
H	436
E	437
V	438
A	439
P	440
P	441
R	442
L	443
V	444
M	445
S	446
I	447
R	448
D	449
G	450
I	451
H	452
G	453
P	454
L	455
L	456
E	457
P	458
F	459
V	460
Q	461
A	462
K	463
L	464
R	465
P	466
E	467
D	468
G	469
L	470
Y	471
L	472
I	473
H	474
W	475
S	476
T	477
S	478
H	479
P	480
Y	481
R	482
L	483
I	484
L	485
T	486
V	487
A	488
Q	489
R	490
S	491
Q	492
A	493
P	494
D	495
G	496
M	497
Q	498
S	499
L	500
R	501
L	502
R	503
K	504
F	505
P	506
I	507
E	508
Q	509
Q	510
D	511
G	512
A	513
F	514
V	515
L	516
E	517
G	518
W	519
G	520
R	521
S	522
F	523
P	524
S	525
V	526
R	527
E	528
L	529
G	530
A	531
A	532
L	533
Q	534
G	535
C	536
L	537
L	538
R	539
A	540
G	541
D	542
D	543
C	544
F	545
S	546
L	547
R	548
R	549
C	550
C	551
L	552
P	553
Q	554
P	555
G	556
E	557
T	558
S	559
N	560
L	561
I	562
I	563
M	564
R	565
G	566
A	567
R	568
A	569
S	570
P	571
R	572
T	573
L	574
N	575
L	576
S	577
Q	578
L	579
S	580
F	581
H	582
R	583
V	584
D	585
Q	586
K	587
E	588
I	589
T	590
Q	591
L	592
S	593
H	594
L	595
G	596
Q	597
G	598
T	599
R	600
T	601
N	602
V	603
Y	604
E	605
G	606
R	607
L	608
R	609
V	610
E	611
G	612
S	613
G	614
D	615
P	616
E	617
E	618
G	619
K	620
M	621
D	622
D	623
E	624
D	625
P	626
L	627
V	628
P	629
G	630
R	631
D	632
R	633
G	634
Q	635
E	636
L	637
R	638
V	639
V	640
L	641
K	642
V	643
L	644
D	645
P	646
S	647
H	648
H	649
D	650
I	651
A	652
L	653
A	654
F	655
Y	656
E	657
T	658
A	659
S	660
L	661
M	662
S	663
Q	664
V	665
S	666
H	667
T	668
H	669
L	670
A	671
F	672
V	673
H	674
G	675
V	676
C	677
V	678
R	679
G	680
P	681
E	682
N	683
I	684
M	685
V	686
T	687
E	688
Y	689
V	690
E	691
H	692
G	693
P	694
L	695
D	696
V	697
W	698
L	699
R	700
R	701
E	702
R	703
G	704
H	705
V	706
P	707
M	708
A	709
W	710
K	711
M	712
V	713
V	714
A	715
Q	716
Q	717
L	718
A	719
S	720
A	721
L	722
S	723
Y	724
L	725
E	726
N	727
K	728
N	729
L	730
V	731
H	732
G	733
N	734
V	735
C	736
G	737
R	738
N	739
I	740
L	741
L	742
A	743
R	744
L	745
G	746
L	747
A	748
E	749
G	750
T	751
S	752
P	753
F	754
I	755
K	756
L	757
S	758
D	759
P	760
G	761
V	762
G	763
L	764
G	765
A	766
L	767
S	768
R	769
E	770
E	771
R	772
V	773
E	774
R	775
I	776
P	777
W	778
L	779
A	780
P	781
E	782
C	783
L	784
P	785
G	786
G	787
A	788
N	789
S	790
L	791
S	792
T	793
A	794
M	795
D	796
K	797
W	798
G	799
F	800
G	801
A	802
T	803
L	804
L	805
E	806
I	807
C	808
F	809
D	810
G	811
E	812
A	813
P	814
L	815
Q	816
S	817
R	818
S	819
P	820
S	821
E	822
K	823
E	824
H	825
F	826
Y	827
Q	828
R	829
Q	830
H	831
R	832
L	833
P	834
E	835
P	836
S	837
C	838
P	839
Q	840
L	841
A	842
T	843
L	844
T	845
S	846
Q	847
C	848
L	849
T	850
Y	851
E	852
P	853
T	854
Q	855
R	856
P	857
S	858
F	859
R	860
T	861
I	862
L	863
R	864
D	865
L	866
T	867
R	868
L	869
Q	870
P	871
H	872
N	873
L	874
A	875
D	876
V	877
L	878
T	879
V	880
N	881
P	882
D	883
S	884
P	885
A	886
S	887
D	888
P	889
T	890
V	891
F	892
H	893
K	894
R	895
Y	896
L	897
K	898
K	899
I	900
R	901
D	902
L	903
G	904
E	905
G	906
H	907
F	908
G	909
K	910
V	911
S	912
L	913
Y	914
C	915
Y	916
D	917
P	918
T	919
N	920
D	921
G	922
T	923
G	924
E	925
M	926
V	927
A	928
V	929
K	930
A	931
L	932
K	933
A	934
D	935
C	936
G	937
P	938
Q	939
H	940
R	941
S	942
G	943
W	944
K	945
Q	946
E	947
I	948
D	949
I	950
L	951
R	952
T	953
L	954
Y	955
H	956
E	957
H	958
I	959
I	960
K	961
Y	962
K	963
G	964
C	965
C	966
E	967
D	968
Q	969
G	970
E	971
K	972
S	973
L	974
Q	975
L	976
V	977
M	978
E	979
Y	980
V	981
P	982
L	983
G	984
S	985
L	986
R	987
D	988
Y	989
L	990
P	991
R	992
H	993
S	994
I	995
G	996
L	997
A	998
Q	999
L	1000
L	1001
L	1002
F	1003
A	1004
Q	1005
Q	1006
I	1007
C	1008
E	1009
G	1010
M	1011
A	1012
Y	1013
L	1014
H	1015
A	1016
Q	1017
H	1018
Y	1019
I	1020
H	1021
R	1022
D	1023
L	1024
A	1025
A	1026
R	1027
N	1028
V	1029
L	1030
L	1031
D	1032
N	1033
D	1034
R	1035
L	1036
V	1037
K	1038
I	1039
G	1040
D	1041
F	1042
G	1043
L	1044
A	1045
K	1046
A	1047
V	1048
P	1049
E	1050
G	1051
H	1052
E	1053
Y	1054
Y	1055
R	1056
V	1057
R	1058
E	1059
D	1060
G	1061
D	1062
S	1063
P	1064
V	1065
F	1066
W	1067
Y	1068
A	1069
P	1070
E	1071
C	1072
L	1073
K	1074
E	1075
Y	1076
K	1077
F	1078
Y	1079
Y	1080
A	1081
S	1082
D	1083
V	1084
W	1085
S	1086
F	1087
G	1088
V	1089
T	1090
L	1091
Y	1092
E	1093
L	1094
L	1095
T	1096
H	1097
C	1098
D	1099
S	1100
S	1101
Q	1102
S	1103
P	1104
P	1105
T	1106
K	1107
F	1108
L	1109
E	1110
L	1111
I	1112
G	1113
I	1114
A	1115
Q	1116
G	1117
Q	1118
M	1119
T	1120
V	1121
L	1122
R	1123
L	1124
T	1125
E	1126
L	1127
L	1128
E	1129
R	1130
G	1131
E	1132
R	1133
L	1134
P	1135
R	1136
P	1137
D	1138
K	1139
C	1140
P	1141
C	1142
E	1143
V	1144
Y	1145
H	1146
L	1147
M	1148
K	1149
N	1150
C	1151
W	1152
E	1153
T	1154
E	1155
A	1156
S	1157
F	1158
R	1159
P	1160
T	1161
F	1162
E	1163
N	1164
L	1165
I	1166
P	1167
I	1168
L	1169
K	1170
T	1171
V	1172
H	1173
E	1174
K	1175
Y	1176
Q	1177
G	1178
Q	1179
A	1180
P	1181
S	1182
V	1183
F	1184
S	1185
V	1186
C	1187
